index,split_type,query_set,context_set_size,actual_context_n,n_test,n_seeds,delta_auprc,delta_auprc_std,rmse,rmse_std,mae,spearman,spearman_std
0,lbap_core_ic50_scaffold,ood_test,16,16,19480,3,-0.01816362965615385,0.0038293107584873058,1.7854444980621338,0.11119755576928364,1.5288348992665608,-0.09965876336570116,0.019426441822198503
1,lbap_core_ic50_scaffold,iid_test,16,16,31388,3,-0.013467807020353736,0.0015428421568328878,1.4944662650426228,0.05760111933587951,1.2168151537577312,-0.08929013536679165,0.0014560970566451315
2,lbap_core_ic50_scaffold,ood_test,32,32,19480,3,-0.009951313198469128,0.021711163313018193,1.6157448291778564,0.07656935300063493,1.3776825269063313,-0.08182561434028195,0.07225059225650673
3,lbap_core_ic50_scaffold,iid_test,32,32,31388,3,-0.008020956519413999,0.011524069674465261,1.4033208688100178,0.024109894490162872,1.1465755701065063,-0.06884524709443009,0.05049376317057916
4,lbap_core_ic50_scaffold,ood_test,64,64,19480,3,-0.010540092951382437,0.011450283992734652,1.5992439985275269,0.014203986001963048,1.3628501494725545,-0.03856706936092353,0.04480499141652279
5,lbap_core_ic50_scaffold,iid_test,64,64,31388,3,-0.006930349120233159,0.006016122975329521,1.383442719777425,0.00654118338090575,1.130797545115153,-0.03629483956267726,0.016385091364271163
6,lbap_core_ic50_scaffold,ood_test,128,128,19480,3,0.022570318728619438,0.005789539232702145,1.5858487288157146,0.0378296772510191,1.3513673543930054,0.0762052373985828,0.016751294276401214
7,lbap_core_ic50_scaffold,iid_test,128,128,31388,3,0.009490083507221617,0.002192740986141161,1.379319469134013,0.006976776920514442,1.127207358678182,0.033126000082295534,0.026482059321403732
8,lbap_core_ic50_scaffold,ood_test,256,256,19480,3,-0.0006217378328049102,0.01539279728843252,1.6005781491597493,0.037942738237810504,1.3654582103093464,0.02641804885011655,0.06266271058375551
9,lbap_core_ic50_scaffold,iid_test,256,256,31388,3,-0.0024208666103865406,0.011984894806615229,1.3816014130910237,0.015827280590898947,1.1285958687464397,-0.0007464283727878079,0.07488001490084951
10,lbap_core_ic50_scaffold,ood_test,512,512,19480,3,0.01750050389268613,0.017936558665228863,1.6169634660085042,0.02654873588918515,1.3804828723271687,0.04549139027623731,0.05749564344993497
11,lbap_core_ic50_scaffold,iid_test,512,512,31388,3,0.008599837097155283,0.00761774793072816,1.3827956517537434,0.009078274169421679,1.1288940906524658,0.019757977615874136,0.02622006152240278
12,lbap_core_ic50_size,ood_test,16,16,16761,3,0.013315308328835393,0.005641311860566298,1.6240627368291218,0.24660661820276839,1.408344308535258,0.045157813567371106,0.020005694314708434
13,lbap_core_ic50_size,iid_test,16,16,12721,3,0.0044646416118601095,0.000753421326027315,1.347697337468465,0.0396176114920351,1.0902146100997925,0.05962153757273523,0.05690976170482601
14,lbap_core_ic50_size,ood_test,32,32,16761,3,0.0191477086573915,0.009640011327489387,1.597823977470398,0.16447524762584403,1.380839506785075,0.0616536268774363,0.027370888275297763
15,lbap_core_ic50_size,iid_test,32,32,12721,3,0.005947199417918918,0.005942537540450531,1.328081210454305,0.022844887919183314,1.0717578728993733,0.03552953640071688,0.04008847599277633
16,lbap_core_ic50_size,ood_test,64,64,16761,3,0.013051663705386055,0.003284960169749015,1.5486776034037273,0.17885844039767937,1.335538427035014,0.045698515717042275,0.029280652856285786
17,lbap_core_ic50_size,iid_test,64,64,12721,3,0.0029418762499315854,0.005054480381500946,1.341044306755066,0.03283522633841749,1.0857642491658528,0.008682871494704066,0.056675126669968975
18,lbap_core_ic50_size,ood_test,128,128,16761,3,0.01158291272790631,0.005536606853926796,1.5429672797520955,0.1072375149948724,1.3323216040929158,0.0479355841851364,0.023501917868378124
19,lbap_core_ic50_size,iid_test,128,128,12721,3,0.006327641072294443,0.0028476345333306773,1.3054060538609822,0.01719978766044327,1.058039704958598,0.04367319237956766,0.034166175655013384
20,lbap_core_ic50_size,ood_test,256,256,16761,3,0.02184716338131291,0.013416348349907901,1.5701783895492554,0.05680500882100391,1.3576178550720215,0.08736426541822613,0.04106359725721266
21,lbap_core_ic50_size,iid_test,256,256,12721,3,0.009534569543008686,0.0036851238787634208,1.2890868584314983,0.003062418063136435,1.0422546068827312,0.09902860234771076,0.009740604035318267
22,lbap_core_ic50_size,ood_test,512,512,16761,3,0.01750446687755791,0.016047494030694547,1.576906681060791,0.01516513875688345,1.3634959856669109,0.07754919264486769,0.033573532798629534
23,lbap_core_ic50_size,iid_test,512,512,12721,3,0.008722356850451899,0.003951382400545645,1.2875785032908122,0.0008307208024966816,1.0414334535598755,0.10599269421927367,0.010309357292458049
24,lbap_core_ic50_assay,ood_test,16,16,19463,3,0.0017842484932149756,0.011571737679418043,1.4955168167750041,0.06426600702293457,1.2386259237925212,-0.004348716405678858,0.0644172855769653
25,lbap_core_ic50_assay,iid_test,16,16,11960,3,0.003695491559089733,0.013043597405752545,1.4243046045303345,0.030174905721749,1.1647059520085652,0.023271658156829245,0.07213082186860892
26,lbap_core_ic50_assay,ood_test,32,32,19463,3,0.003893195214496159,0.012143635759480114,1.4468082586924236,0.0724207131529405,1.2001174290974934,0.014532230077291512,0.06216884785412816
27,lbap_core_ic50_assay,iid_test,32,32,11960,3,0.00736510231348834,0.01493120197537297,1.3881696065266926,0.022420406221828205,1.1381203730901082,0.0672801501232748,0.06437390102144598
28,lbap_core_ic50_assay,ood_test,64,64,19463,3,0.007348775322590817,0.009604117271012094,1.440772533416748,0.09011227223043564,1.1967014074325562,0.03580929525712419,0.046615754585047686
29,lbap_core_ic50_assay,iid_test,64,64,11960,3,0.008953143552171397,0.010652544761572283,1.3825236558914185,0.03262760565335556,1.1353751023610432,0.08698714689280979,0.026505163205811644
30,lbap_core_ic50_assay,ood_test,128,128,19463,3,0.0115229154187347,0.007334441370047234,1.4241997003555298,0.048943130155469805,1.1823033889134724,0.047201175466398626,0.033323589080024495
31,lbap_core_ic50_assay,iid_test,128,128,11960,3,0.016956309573167034,0.009000574962260073,1.3653115034103394,0.016692058329702622,1.1216119130452473,0.11634975687175393,0.021707888701208187
32,lbap_core_ic50_assay,ood_test,256,256,19463,3,0.011966852542132514,0.006695580637336946,1.398500124613444,0.022303308944936907,1.1603965759277344,0.04627959860422048,0.03159041376494617
33,lbap_core_ic50_assay,iid_test,256,256,11960,3,0.01642153302271136,0.00966698229414947,1.3571903705596924,0.007421210805576837,1.1172147194544475,0.11270283084327286,0.017393241995555107
34,lbap_core_ic50_assay,ood_test,512,512,19463,3,0.013669962164085706,0.006308356306676513,1.371668775876363,0.00747741639404321,1.1381951967875164,0.05590320865312273,0.027471487828756212
35,lbap_core_ic50_assay,iid_test,512,512,11960,3,0.017507666615799573,0.006996408949486701,1.3505300680796306,0.0022780970720462945,1.1138660113016765,0.12095960527987605,0.01149424990074384
