assay_id,n_scaffold_groups,n_molecules,delta_auprc,rmse,mae,spearman
CHEMBL1006005,151,186,0.07407407407407408,0.47402910627424716,0.4526714667677879,-0.10000000000000003
CHEMBL1066254,23,140,0.14561285756090953,0.659378182888031,0.5706476688385009,-0.058032413143105116
CHEMBL1119333,221,417,0.0,1.8871329516172408,1.7704037114977837,
CHEMBL1243967,77,206,-0.004994588744588753,1.1246189951896668,0.981929725408554,-0.42039011418412187
CHEMBL1243970,75,204,0.04094979094979095,0.8153127938508987,0.6948987200856209,0.15711675597433092
CHEMBL1613777,1830,3594,0.05238095238095237,1.2785253345966339,1.1786191582679748,0.7
CHEMBL1613898,148,167,0.0,2.099474275112152,2.0632488906383513,
CHEMBL1613907,31,149,0.03333333333333334,1.5711593747138977,1.403784030675888,0.8365566522176824
CHEMBL1613926,39,95,-0.016666666666666673,0.7888551861047745,0.7314388006925583,-1.0
CHEMBL1613949,55,63,,0.5766673527657986,0.5392091490328312,
CHEMBL1614027,1569,2993,0.017908396317487252,0.8469238311052323,0.7844622597098351,0.11895166886405627
CHEMBL1614153,2419,3088,0.011321130479584243,0.6960978679358959,0.5772123757749796,-0.31191597173618707
CHEMBL1614423,141,223,0.0,0.856028500199318,0.7593798875808716,0.35
CHEMBL1614433,282,415,0.0,0.8200099334120751,0.6245089516043663,-0.5000000000000001
CHEMBL1614466,445,561,0.07407407407407408,0.9100290328264237,0.6904063746333122,0.5
CHEMBL1614503,73,80,0.05,0.35780069082975385,0.3277662038803101,0.6000000000000001
CHEMBL1614508,96,169,0.0,0.5220536604523659,0.46901886761188505,-0.08818399868904436
CHEMBL1614522,447,758,-0.006349206349206359,2.637548327445984,2.3470980286598206,-0.2847004994122263
CHEMBL1737951,20,97,-0.008281537219675422,0.5010259807109833,0.4369095489382744,-0.22276531022212018
CHEMBL1738079,205,223,0.03333333333333334,0.40777769684791565,0.3633184254169464,1.0
CHEMBL1738362,89,109,0.0,0.47535029500722886,0.45876874923706057,
CHEMBL1738395,127,171,0.0,0.5003587007522583,0.4519144602119923,-0.8660254037844387
CHEMBL1738485,174,245,0.013888888888888886,0.4329670451581478,0.40587952360510826,0.42500000000000004
CHEMBL1738502,450,593,-0.01190476190476191,0.5694765642285347,0.49897544011473655,-1.0
CHEMBL1738573,1068,1431,0.0,0.944203108549118,0.7999824315309525,-1.0
CHEMBL1738579,148,206,0.02083333333333333,0.3139901362359524,0.2805496960878372,0.32142857142857145
CHEMBL1738633,126,141,0.013888888888888876,0.35712558664381505,0.3380271714180708,-0.16666666666666666
CHEMBL1794324,1008,1711,0.016394557823129263,0.5892011553049088,0.5231663569808006,-0.4682539682539683
CHEMBL1794519,124,146,0.0,1.6169198632240296,1.5504696279764176,
CHEMBL1794557,605,845,0.0,0.7777277290821075,0.6715712070465087,0.3333333333333333
CHEMBL1963701,224,303,0.0,1.0047546833753587,0.9053589761257171,
CHEMBL1963705,197,304,,1.1239282131195067,1.0373374700546265,0.4
CHEMBL1963715,287,443,0.0,0.8947564944624901,0.8233378931879998,-0.44999999999999996
CHEMBL1963721,118,150,,0.8571027651429176,0.765998737514019,
CHEMBL1963723,231,396,0.0,1.2139413058757782,1.128243339061737,
CHEMBL1963731,129,247,,1.1791271269321442,1.1006472259759903,-0.7296796591646252
CHEMBL1963741,206,307,0.33333333333333337,0.9848810419440269,0.9485077738761902,0.75
CHEMBL1963756,191,293,0.6666666666666667,0.7673717886209488,0.6956158325076103,0.296123548963795
CHEMBL1963773,152,215,,0.4839421480894089,0.40799611806869507,0.25
CHEMBL1963799,176,204,0.0,1.881570503115654,1.835905948281288,0.0
CHEMBL1963810,235,378,0.0,0.7392937913537025,0.6675132602453232,0.03392556509887895
CHEMBL1963818,159,275,,1.3689932942390441,1.2719432055950164,-0.08662434095534188
CHEMBL1963819,180,274,0.0,1.065233200788498,0.9832476019859314,
CHEMBL1963824,178,256,-0.02777777777777779,1.4422090113162995,1.3517498463392257,-0.3986095892960206
CHEMBL1963825,137,198,,1.2130753099918365,1.1341231495141983,-0.4697125426519874
CHEMBL1963827,204,304,,1.0361851066350938,0.9892901808023453,0.724341649025257
CHEMBL1963831,130,185,,1.1446185857057571,1.0509089648723602,0.5
CHEMBL1963838,139,155,0.0,0.28320582434535024,0.252320110052824,
CHEMBL1963910,152,179,0.22222222222222224,0.35166214406490326,0.33443831354379655,1.0
CHEMBL1963969,183,209,0.0,0.3779196530580521,0.33819746375083926,0.6000000000000001
CHEMBL1964005,143,163,0.0,0.5233723100274801,0.493579950556159,1.0
CHEMBL1964101,392,648,0.04444444444444445,1.029711413383484,0.947882866859436,0.05000000000000002
CHEMBL1964106,114,134,,1.0029356248676777,0.923335912078619,
CHEMBL1964115,157,193,-0.02777777777777779,1.2709078401327134,1.081125020980835,-0.6002513574516177
CHEMBL2218946,126,154,0.037222222222222226,0.17509006895124912,0.15413884706795217,0.1
CHEMBL2218957,125,153,0.075,0.26562278643250464,0.21077194157987833,0.13349364905389033
CHEMBL2218959,123,150,0.01851851851851852,0.262687049433589,0.21976701803505422,-0.8660254037844387
CHEMBL2218989,126,154,0.0,0.5885291136801243,0.510753172263503,
CHEMBL2218994,128,157,0.11666666666666667,0.10633562840521335,0.09218099769204854,-0.16666666666666666
CHEMBL2219020,128,157,0.01666666666666667,0.05916288606822491,0.05299084279686213,-0.5
CHEMBL2219026,128,157,0.0,0.051725713070482016,0.04849123321473599,
CHEMBL2219028,128,157,0.0,0.14671489549800754,0.1298264183104038,0.0
CHEMBL2219040,128,157,0.0,0.14481007382273675,0.14114701338112354,0.22435054119787115
CHEMBL2219043,127,156,0.04166666666666667,0.08719749301671982,0.0808714224025607,0.18301270189221935
CHEMBL2219045,128,157,0.0,0.43538416977971794,0.4042382150888443,-0.8660254037844387
CHEMBL2219047,127,156,0.024999999999999994,0.24358550794422626,0.22142359632998704,-0.6668859288553501
CHEMBL2219049,128,157,0.0,0.1559439055621624,0.140775366127491,
CHEMBL2219050,128,157,-0.016666666666666673,0.3471809707581997,0.33533751107752324,0.9330127018922194
CHEMBL2219059,124,152,0.018518518518518514,0.21109129376709462,0.1656315613538027,0.5
CHEMBL2219070,128,157,0.0,0.07401142437011003,0.06964427204802633,0.5
CHEMBL2219075,125,153,0.0,0.4614252299070358,0.40290416181087496,
CHEMBL2219076,121,148,0.1875,0.5891715195029974,0.5522248983383179,-1.0
CHEMBL2219088,128,157,0.000694444444444442,0.06746455542743206,0.054661115258932115,0.1
CHEMBL2219093,127,156,0.0,0.34245420768857004,0.32459620712324977,
CHEMBL2219098,128,157,0.0,0.0566818680614233,0.05322955008596182,-0.5
CHEMBL2219102,127,156,0.0009259259259259226,0.06075576636940241,0.05452999705448747,0.25
CHEMBL2219104,128,157,0.0,0.3390925139188766,0.29653232768177984,
CHEMBL2219113,128,157,0.020833333333333315,0.3810246080160141,0.3323699250817299,-0.43333333333333335
CHEMBL2219115,127,156,0.0,0.17183774057775736,0.13388721290975808,
CHEMBL2219120,126,154,0.01851851851851852,0.4310548476874828,0.36656517907977104,0.5
CHEMBL2219146,126,154,-0.0030864197530864213,0.27865260988473894,0.23292707949876784,0.302704627669473
CHEMBL2219150,128,157,0.055555555555555546,0.3248976763337851,0.29219990558922293,0.0
CHEMBL2219159,128,157,0.04761904761904762,0.24374136282131076,0.23977257059887053,-0.5
CHEMBL2219161,127,156,0.041666666666666664,0.06865969281643629,0.06460960898548365,0.5
CHEMBL2219164,127,156,0.0,0.5463886633515358,0.44844811484217645,-1.0
CHEMBL2219174,127,155,0.02380952380952381,0.17152588665485383,0.12424738835543395,0.5
CHEMBL2219175,128,157,0.07142857142857142,0.03951182272285223,0.03523258026689291,-0.25
CHEMBL2219180,128,157,0.0,0.12776409108191727,0.11227185861207545,-0.5
CHEMBL2219189,128,157,0.0,0.20138690173625945,0.19660381656140088,
CHEMBL2219191,128,157,0.041666666666666664,0.16649786848574877,0.16317494735121726,-0.050000000000000044
CHEMBL2219194,128,157,0.0,0.09197493214160204,0.08882368467748165,0.9330127018922194
CHEMBL2219198,125,153,0.05185185185185184,0.2164947660639882,0.17403932493180035,0.44999999999999996
CHEMBL2219202,127,156,0.05208333333333332,0.1873761299997568,0.16276137232780458,-0.3
CHEMBL2219203,127,155,-0.009259259259259264,0.07570358943194151,0.06783370394259691,1.0
CHEMBL2219208,127,155,0.0,0.10188129842281342,0.0826603777706623,0.5
CHEMBL2219211,128,157,0.0,0.08339177947491408,0.0794609080068767,
CHEMBL2219223,127,156,0.0,0.18178954860195518,0.15194540815427898,-0.18301270189221935
CHEMBL2219225,128,157,0.0,0.16402794448658825,0.13362512327730655,-0.5
CHEMBL2219232,125,153,0.016666666666666663,0.13347886744886636,0.11161534171551465,0.14999999999999997
CHEMBL2219236,114,140,0.016666666666666663,0.2883025698363781,0.24950555786490441,0.5
CHEMBL2219242,128,157,0.028571428571428564,0.2411098345182836,0.23600278412923217,0.30000000000000004
CHEMBL2219244,127,155,0.0,0.7679208248853684,0.7541069388389587,0.0
CHEMBL2219252,127,155,0.0,0.316622419655323,0.3013353206217289,0.35
CHEMBL2219267,126,154,0.0,0.15492202937602997,0.1159188274294138,
CHEMBL2219270,127,156,0.07283950617283952,0.15245627090334893,0.14379277527332307,-0.5
CHEMBL2219272,128,157,0.039999999999999994,0.307040424272418,0.29152214229106904,-0.15389675281277312
CHEMBL2219274,127,155,0.0,0.7744524374604225,0.748451505601406,0.5
CHEMBL2219283,128,157,0.0,0.10121916588395834,0.09769929535686969,-0.5
CHEMBL2219286,124,152,0.1111111111111111,0.3748073510825634,0.31319439634680746,0.0666666666666667
CHEMBL2219297,127,155,0.03703703703703704,0.23066867887973785,0.20934722647070886,0.5
CHEMBL2219305,128,157,0.04166666666666667,0.6303181944414973,0.6220575162209571,-1.0
CHEMBL2219308,125,153,0.010416666666666657,0.3281534368172288,0.28544786646962167,0.5
CHEMBL2219334,127,156,0.03333333333333334,0.08217947892844676,0.07387741077691316,-0.06698729810778065
CHEMBL2219335,127,155,0.12500000000000003,0.0979933318682015,0.08426535264588893,-0.16666666666666666
CHEMBL2219340,124,152,0.07453703703703703,0.8481457568705082,0.7394683580845595,-0.3333333333333333
CHEMBL2219352,128,157,0.14722222222222223,0.04211314059793949,0.03507640864700079,-0.19999999999999998
CHEMBL2219355,128,157,0.05555555555555556,0.12764365561306476,0.09984882287681103,0.16666666666666666
CHEMBL2219358,127,156,0.0,0.06892214361578226,0.06399198565632105,
CHEMBL2219359,127,156,0.0,0.13527971133589745,0.11628396734595299,1.0
CHEMBL2219363,128,157,0.0,0.26836968008428813,0.24271998219192029,0.5
CHEMBL2219366,127,155,0.08333333333333334,0.3112006772309542,0.27841479890048504,-0.5
CHEMBL2219375,127,156,0.0,0.12171270586550235,0.1147579863667488,
CHEMBL2219389,127,154,0.03333333333333334,0.3493913300335407,0.2942023202776909,-0.5
CHEMBL2219399,126,154,0.019999999999999997,0.35807035071775317,0.3022870119661093,0.0
CHEMBL2219404,128,157,0.0,0.05006328653544188,0.045329753495752814,
CHEMBL2219407,126,154,0.0,0.4354047250002623,0.3584686294198036,0.5
CHEMBL2219408,128,157,0.0,0.28386902846395967,0.2453583527356386,
CHEMBL3214944,306,389,0.0,0.723550833761692,0.6800136998295784,0.4
CHEMBL3431930,98,239,,0.6954351216554642,0.6348336905241012,-0.13333333333333333
CHEMBL3431932,199,455,0.08873015873015871,0.6045474149286747,0.5542199485003948,-0.02380952380952382
CHEMBL3431933,206,472,0.051951578514078535,0.5238409489393234,0.4653568923473358,-0.10505494505494506
CHEMBL3705334,53,143,0.04444444444444445,0.6371880382299423,0.5654908806085587,0.8484768907563025
CHEMBL3705469,76,136,0.05208333333333333,0.5740454971790314,0.47377614229917525,0.3666666666666667
CHEMBL3705476,253,664,0.007350718065003774,0.8338182896375657,0.7402228146791459,0.06407190120298281
CHEMBL3706128,68,194,0.0,1.107139141857624,0.9469358384609222,
CHEMBL3706356,65,271,0.017228041728636845,0.9554265886545181,0.8955856442451477,-0.1349647161193922
CHEMBL3707557,33,140,0.11068756346534125,0.7115496098995209,0.6215310662984848,0.24265095618518068
CHEMBL3707738,69,146,0.04283951342774871,1.0400971233844758,0.9166382402181625,0.741568221053778
CHEMBL3707783,68,162,0.20833333333333334,1.1437071323394776,1.0366273060441018,0.8285714285714287
CHEMBL3887295,59,239,-0.026859682062808955,0.9796746224164963,0.890316167473793,-0.5680012258977924
CHEMBL3887333,185,471,0.13044408802345114,1.9687976837158203,1.84486722946167,0.42780925478526927
CHEMBL3887334,49,200,0.11655773420479301,1.3780496060848235,1.2722391724586486,0.6799019607843138
CHEMBL3887759,100,325,0.09383700859433024,0.6097160458564759,0.5558854505419731,0.10822187829485683
CHEMBL3888181,114,219,0.0,0.9658281177282333,0.8572841763496399,0.316227766016838
CHEMBL3888461,98,170,0.0,1.118929772078991,0.9688321128487587,
CHEMBL4005586,105,248,0.08333333333333333,0.42623824924230574,0.38699193522334097,-0.4
CHEMBL4133035,58,196,0.10385802469135802,0.2583301331847906,0.20499190092086791,-0.0666666666666667
CHEMBL641707,37,136,0.125,0.7046351090073586,0.6458304941654205,-0.09999999999999999
CHEMBL657032,38,155,0.003067453651860147,1.0865468800067901,0.9634069584310054,-0.021122994689759735
CHEMBL663407,33,140,0.11111111111111112,0.8259572148323059,0.7576267890632152,0.35281385281385286
CHEMBL819742,25,158,-0.028884516398299476,1.3646815985441207,1.3089997977018357,0.14600057051941454
CHEMBL915809,68,153,0.07541666666666666,0.4087104693055153,0.35993881076574324,-0.075
CHEMBL924949,31,142,0.05133747831116252,1.6083171308040618,1.4967820197343826,0.11387003026826574
