assay_id,split,n_molecules,n_unique_scaffolds,scaffold_diversity_ratio
CHEMBL1006005,test,187,150,0.8021390374331551
CHEMBL1066254,test,140,23,0.16428571428571428
CHEMBL1119333,test,417,221,0.5299760191846523
CHEMBL1243967,test,206,77,0.3737864077669903
CHEMBL1243970,test,204,75,0.36764705882352944
CHEMBL1613777,test,3594,1829,0.5089037284362827
CHEMBL1613898,test,167,148,0.8862275449101796
CHEMBL1613907,test,149,31,0.2080536912751678
CHEMBL1613926,test,95,39,0.4105263157894737
CHEMBL1613949,test,63,55,0.873015873015873
CHEMBL1614027,test,2993,1568,0.5238890745071835
CHEMBL1614153,test,3088,2419,0.7833549222797928
CHEMBL1614423,test,223,141,0.6322869955156951
CHEMBL1614433,test,415,281,0.6771084337349398
CHEMBL1614466,test,561,444,0.7914438502673797
CHEMBL1614503,test,80,73,0.9125
CHEMBL1614508,test,169,96,0.5680473372781065
CHEMBL1614522,test,758,446,0.5883905013192612
CHEMBL1737951,test,97,20,0.20618556701030927
CHEMBL1738079,test,223,205,0.9192825112107623
CHEMBL1738362,test,109,89,0.8165137614678899
CHEMBL1738395,test,171,127,0.7426900584795322
CHEMBL1738485,test,245,174,0.710204081632653
CHEMBL1738502,test,593,450,0.7588532883642496
CHEMBL1738573,test,1431,1068,0.7463312368972747
CHEMBL1738579,test,206,148,0.7184466019417476
CHEMBL1738633,test,141,126,0.8936170212765957
CHEMBL1794324,test,1711,1008,0.5891291642314436
CHEMBL1794519,test,146,124,0.8493150684931506
CHEMBL1794557,test,845,605,0.7159763313609467
CHEMBL1963701,test,303,224,0.7392739273927392
CHEMBL1963705,test,304,197,0.6480263157894737
CHEMBL1963715,test,443,287,0.6478555304740407
CHEMBL1963721,test,150,118,0.7866666666666666
CHEMBL1963723,test,396,231,0.5833333333333334
CHEMBL1963731,test,247,129,0.5222672064777328
CHEMBL1963741,test,307,206,0.6710097719869706
CHEMBL1963756,test,293,191,0.6518771331058021
CHEMBL1963773,test,215,152,0.7069767441860465
CHEMBL1963799,test,204,176,0.8627450980392157
CHEMBL1963810,test,378,235,0.6216931216931217
CHEMBL1963818,test,275,159,0.5781818181818181
CHEMBL1963819,test,274,180,0.656934306569343
CHEMBL1963824,test,256,178,0.6953125
CHEMBL1963825,test,198,137,0.6919191919191919
CHEMBL1963827,test,304,204,0.6710526315789473
CHEMBL1963831,test,185,130,0.7027027027027027
CHEMBL1963838,test,155,139,0.896774193548387
CHEMBL1963910,test,179,152,0.8491620111731844
CHEMBL1963969,test,209,183,0.8755980861244019
CHEMBL1964005,test,163,143,0.8773006134969326
CHEMBL1964101,test,648,392,0.6049382716049383
CHEMBL1964106,test,134,114,0.8507462686567164
CHEMBL1964115,test,193,157,0.8134715025906736
CHEMBL2218946,test,157,128,0.8152866242038217
CHEMBL2218957,test,157,128,0.8152866242038217
CHEMBL2218959,test,157,128,0.8152866242038217
CHEMBL2218989,test,157,128,0.8152866242038217
CHEMBL2218994,test,157,128,0.8152866242038217
CHEMBL2219020,test,157,128,0.8152866242038217
CHEMBL2219026,test,157,128,0.8152866242038217
CHEMBL2219028,test,157,128,0.8152866242038217
CHEMBL2219040,test,157,128,0.8152866242038217
CHEMBL2219043,test,157,128,0.8152866242038217
CHEMBL2219045,test,157,128,0.8152866242038217
CHEMBL2219047,test,157,128,0.8152866242038217
CHEMBL2219049,test,157,128,0.8152866242038217
CHEMBL2219050,test,157,128,0.8152866242038217
CHEMBL2219059,test,157,128,0.8152866242038217
CHEMBL2219070,test,157,128,0.8152866242038217
CHEMBL2219075,test,157,128,0.8152866242038217
CHEMBL2219076,test,157,128,0.8152866242038217
CHEMBL2219088,test,157,128,0.8152866242038217
CHEMBL2219093,test,157,128,0.8152866242038217
CHEMBL2219098,test,157,128,0.8152866242038217
CHEMBL2219102,test,157,128,0.8152866242038217
CHEMBL2219104,test,157,128,0.8152866242038217
CHEMBL2219113,test,157,128,0.8152866242038217
CHEMBL2219115,test,157,128,0.8152866242038217
CHEMBL2219120,test,157,128,0.8152866242038217
CHEMBL2219146,test,157,128,0.8152866242038217
CHEMBL2219150,test,157,128,0.8152866242038217
CHEMBL2219159,test,157,128,0.8152866242038217
CHEMBL2219161,test,157,128,0.8152866242038217
CHEMBL2219164,test,157,128,0.8152866242038217
CHEMBL2219174,test,157,128,0.8152866242038217
CHEMBL2219175,test,157,128,0.8152866242038217
CHEMBL2219180,test,157,128,0.8152866242038217
CHEMBL2219189,test,157,128,0.8152866242038217
CHEMBL2219191,test,157,128,0.8152866242038217
CHEMBL2219194,test,157,128,0.8152866242038217
CHEMBL2219198,test,157,128,0.8152866242038217
CHEMBL2219202,test,157,128,0.8152866242038217
CHEMBL2219203,test,157,128,0.8152866242038217
CHEMBL2219208,test,157,128,0.8152866242038217
CHEMBL2219211,test,157,128,0.8152866242038217
CHEMBL2219223,test,157,128,0.8152866242038217
CHEMBL2219225,test,157,128,0.8152866242038217
CHEMBL2219232,test,157,128,0.8152866242038217
CHEMBL2219236,test,157,128,0.8152866242038217
CHEMBL2219242,test,157,128,0.8152866242038217
CHEMBL2219244,test,157,128,0.8152866242038217
CHEMBL2219252,test,157,128,0.8152866242038217
CHEMBL2219267,test,157,128,0.8152866242038217
CHEMBL2219270,test,157,128,0.8152866242038217
CHEMBL2219272,test,157,128,0.8152866242038217
CHEMBL2219274,test,157,128,0.8152866242038217
CHEMBL2219283,test,157,128,0.8152866242038217
CHEMBL2219286,test,157,128,0.8152866242038217
CHEMBL2219297,test,157,128,0.8152866242038217
CHEMBL2219305,test,157,128,0.8152866242038217
CHEMBL2219308,test,157,128,0.8152866242038217
CHEMBL2219334,test,157,128,0.8152866242038217
CHEMBL2219335,test,157,128,0.8152866242038217
CHEMBL2219340,test,157,128,0.8152866242038217
CHEMBL2219352,test,157,128,0.8152866242038217
CHEMBL2219355,test,157,128,0.8152866242038217
CHEMBL2219358,test,157,128,0.8152866242038217
CHEMBL2219359,test,157,128,0.8152866242038217
CHEMBL2219363,test,157,128,0.8152866242038217
CHEMBL2219366,test,157,128,0.8152866242038217
CHEMBL2219375,test,157,128,0.8152866242038217
CHEMBL2219389,test,157,128,0.8152866242038217
CHEMBL2219399,test,157,128,0.8152866242038217
CHEMBL2219404,test,157,128,0.8152866242038217
CHEMBL2219407,test,157,128,0.8152866242038217
CHEMBL2219408,test,157,128,0.8152866242038217
CHEMBL2354305,test,123,117,0.9512195121951219
CHEMBL3214944,test,389,306,0.7866323907455013
CHEMBL3431930,test,239,98,0.4100418410041841
CHEMBL3431932,test,455,199,0.43736263736263736
CHEMBL3431933,test,472,206,0.4364406779661017
CHEMBL3705334,test,143,53,0.3706293706293706
CHEMBL3705469,test,136,76,0.5588235294117647
CHEMBL3705476,test,664,253,0.3810240963855422
CHEMBL3706128,test,194,68,0.35051546391752575
CHEMBL3706356,test,271,65,0.23985239852398524
CHEMBL3707557,test,140,33,0.2357142857142857
CHEMBL3707738,test,146,69,0.4726027397260274
CHEMBL3707783,test,162,68,0.41975308641975306
CHEMBL3887295,test,239,59,0.24686192468619247
CHEMBL3887333,test,471,185,0.39278131634819535
CHEMBL3887334,test,200,49,0.245
CHEMBL3887759,test,325,100,0.3076923076923077
CHEMBL3888181,test,219,114,0.5205479452054794
CHEMBL3888461,test,170,98,0.5764705882352941
CHEMBL4005586,test,248,105,0.42338709677419356
CHEMBL4133035,test,198,60,0.30303030303030304
CHEMBL641707,test,136,37,0.27205882352941174
CHEMBL657032,test,155,38,0.24516129032258063
CHEMBL663407,test,140,33,0.2357142857142857
CHEMBL819742,test,158,24,0.1518987341772152
CHEMBL915809,test,155,68,0.43870967741935485
CHEMBL924949,test,142,30,0.2112676056338028
CHEMBL1243966,valid,196,73,0.37244897959183676
CHEMBL1614110,valid,3521,1804,0.5123544447600114
CHEMBL1614202,valid,358,162,0.45251396648044695
CHEMBL1614213,valid,4697,3742,0.7966787311049606
CHEMBL1614259,valid,245,194,0.7918367346938775
CHEMBL1614432,valid,829,710,0.856453558504222
CHEMBL1738510,valid,226,88,0.3893805309734513
CHEMBL1963790,valid,432,276,0.6388888888888888
CHEMBL1963930,valid,160,140,0.875
CHEMBL1964107,valid,514,341,0.6634241245136187
CHEMBL2218962,valid,157,128,0.8152866242038217
CHEMBL2219032,valid,157,128,0.8152866242038217
CHEMBL2219038,valid,157,128,0.8152866242038217
CHEMBL2219137,valid,157,128,0.8152866242038217
CHEMBL2219144,valid,157,128,0.8152866242038217
CHEMBL2219168,valid,157,128,0.8152866242038217
CHEMBL2219172,valid,157,128,0.8152866242038217
CHEMBL2219185,valid,157,128,0.8152866242038217
CHEMBL2219206,valid,157,128,0.8152866242038217
CHEMBL2219253,valid,157,128,0.8152866242038217
CHEMBL2219259,valid,157,128,0.8152866242038217
CHEMBL2219276,valid,157,128,0.8152866242038217
CHEMBL2219277,valid,157,128,0.8152866242038217
CHEMBL2219292,valid,157,128,0.8152866242038217
CHEMBL2219319,valid,157,128,0.8152866242038217
CHEMBL2219323,valid,157,128,0.8152866242038217
CHEMBL2219332,valid,157,128,0.8152866242038217
CHEMBL2219344,valid,157,128,0.8152866242038217
CHEMBL2219383,valid,157,128,0.8152866242038217
CHEMBL3705467,valid,149,69,0.46308724832214765
CHEMBL3705631,valid,282,115,0.4078014184397163
CHEMBL3705869,valid,614,96,0.1563517915309446
CHEMBL3705880,valid,148,37,0.25
CHEMBL3706064,valid,163,77,0.4723926380368098
CHEMBL3706088,valid,594,91,0.1531986531986532
CHEMBL3888867,valid,184,45,0.24456521739130435
CHEMBL4260657,valid,273,124,0.4542124542124542
CHEMBL763161,valid,138,51,0.3695652173913043
CHEMBL2363144,train,94,88,0.9361702127659575
CHEMBL682251,train,123,30,0.24390243902439024
CHEMBL2327942,train,49,23,0.46938775510204084
CHEMBL2406593,train,52,6,0.11538461538461539
CHEMBL874362,train,43,2,0.046511627906976744
CHEMBL3887218,train,40,13,0.325
CHEMBL3887718,train,37,16,0.43243243243243246
CHEMBL1072835,train,40,14,0.35
CHEMBL3094775,train,35,20,0.5714285714285714
CHEMBL667200,train,48,12,0.25
CHEMBL978910,train,38,11,0.2894736842105263
CHEMBL2390550,train,34,7,0.20588235294117646
CHEMBL830976,train,50,14,0.28
CHEMBL3227495,train,41,6,0.14634146341463414
CHEMBL1738369,train,390,317,0.8128205128205128
CHEMBL3383807,train,33,3,0.09090909090909091
CHEMBL3614290,train,35,17,0.4857142857142857
CHEMBL1815695,train,53,32,0.6037735849056604
CHEMBL809884,train,77,41,0.5324675324675324
CHEMBL895861,train,38,18,0.47368421052631576
CHEMBL3857107,train,67,11,0.16417910447761194
CHEMBL3750088,train,33,4,0.12121212121212122
CHEMBL4179593,train,73,21,0.2876712328767123
CHEMBL4189366,train,42,23,0.5476190476190477
CHEMBL3419982,train,58,23,0.39655172413793105
CHEMBL988568,train,54,35,0.6481481481481481
CHEMBL1962028,train,367,192,0.5231607629427792
CHEMBL1100033,train,34,19,0.5588235294117647
CHEMBL642956,train,42,6,0.14285714285714285
CHEMBL828932,train,32,13,0.40625
CHEMBL3076337,train,41,8,0.1951219512195122
CHEMBL1837189,train,40,32,0.8
CHEMBL884569,train,33,19,0.5757575757575758
CHEMBL926687,train,291,182,0.6254295532646048
CHEMBL3111607,train,44,19,0.4318181818181818
CHEMBL859115,train,56,15,0.26785714285714285
CHEMBL785910,train,37,18,0.4864864864864865
CHEMBL3720809,train,58,28,0.4827586206896552
CHEMBL806414,train,49,0,0.0
CHEMBL3705119,train,87,11,0.12643678160919541
CHEMBL4121205,train,286,156,0.5454545454545454
CHEMBL1962213,train,363,191,0.5261707988980716
CHEMBL3389715,train,35,2,0.05714285714285714
CHEMBL904744,train,46,2,0.043478260869565216
CHEMBL715010,train,60,3,0.05
CHEMBL3056386,train,34,5,0.14705882352941177
CHEMBL3871849,train,39,14,0.358974358974359
CHEMBL2380004,train,39,25,0.6410256410256411
CHEMBL4181719,train,73,38,0.5205479452054794
CHEMBL906925,train,39,16,0.41025641025641024
CHEMBL797532,train,71,30,0.4225352112676056
CHEMBL2404827,train,40,27,0.675
CHEMBL3301537,train,391,288,0.7365728900255755
CHEMBL4267375,train,95,19,0.2
CHEMBL911363,train,45,37,0.8222222222222222
CHEMBL3868568,train,37,9,0.24324324324324326
CHEMBL903820,train,36,17,0.4722222222222222
CHEMBL2363455,train,95,93,0.9789473684210527
CHEMBL2423446,train,98,45,0.45918367346938777
CHEMBL2219367,train,157,128,0.8152866242038217
CHEMBL1799389,train,319,49,0.1536050156739812
CHEMBL707831,train,45,16,0.35555555555555557
CHEMBL798774,train,42,18,0.42857142857142855
CHEMBL710373,train,47,5,0.10638297872340426
CHEMBL3076630,train,49,22,0.4489795918367347
CHEMBL765688,train,35,23,0.6571428571428571
CHEMBL2443898,train,37,12,0.32432432432432434
CHEMBL1009028,train,46,19,0.41304347826086957
CHEMBL1787625,train,45,14,0.3111111111111111
CHEMBL871566,train,35,15,0.42857142857142855
CHEMBL2095144,train,677,521,0.7695716395864106
CHEMBL2175090,train,50,11,0.22
CHEMBL3881125,train,77,42,0.5454545454545454
CHEMBL715689,train,33,5,0.15151515151515152
CHEMBL666614,train,45,20,0.4444444444444444
CHEMBL2363765,train,54,53,0.9814814814814815
CHEMBL3301557,train,39,35,0.8974358974358975
CHEMBL3883070,train,49,14,0.2857142857142857
CHEMBL3875980,train,34,8,0.23529411764705882
CHEMBL1805140,train,64,46,0.71875
CHEMBL1003678,train,37,15,0.40540540540540543
CHEMBL4145242,train,67,26,0.3880597014925373
CHEMBL2319211,train,67,6,0.08955223880597014
CHEMBL3720753,train,53,22,0.41509433962264153
CHEMBL3080976,train,43,3,0.06976744186046512
CHEMBL897797,train,54,18,0.3333333333333333
CHEMBL1109350,train,53,26,0.49056603773584906
CHEMBL4219773,train,32,5,0.15625
CHEMBL870846,train,38,7,0.18421052631578946
CHEMBL1058942,train,33,23,0.696969696969697
CHEMBL3531532,train,50,38,0.76
CHEMBL1614137,train,1248,1111,0.8902243589743589
CHEMBL2341412,train,41,27,0.6585365853658537
CHEMBL4008742,train,44,8,0.18181818181818182
CHEMBL3832771,train,95,93,0.9789473684210527
CHEMBL2045988,train,56,31,0.5535714285714286
CHEMBL2363508,train,73,71,0.9726027397260274
CHEMBL1017607,train,62,19,0.3064516129032258
CHEMBL965679,train,57,52,0.9122807017543859
CHEMBL1764899,train,41,5,0.12195121951219512
CHEMBL873474,train,38,6,0.15789473684210525
CHEMBL798773,train,34,4,0.11764705882352941
CHEMBL3707925,train,139,45,0.3237410071942446
CHEMBL2404057,train,34,2,0.058823529411764705
CHEMBL3049533,train,38,3,0.07894736842105263
CHEMBL747590,train,48,16,0.3333333333333333
CHEMBL1071905,train,36,9,0.25
CHEMBL1786237,train,33,24,0.7272727272727273
CHEMBL4119732,train,52,13,0.25
CHEMBL918628,train,45,8,0.17777777777777778
CHEMBL1613804,train,1767,1463,0.8279569892473119
CHEMBL4119731,train,52,13,0.25
CHEMBL3707497,train,153,45,0.29411764705882354
CHEMBL2215880,train,59,22,0.3728813559322034
CHEMBL3396930,train,38,24,0.631578947368421
CHEMBL930580,train,42,10,0.23809523809523808
CHEMBL938685,train,36,14,0.3888888888888889
CHEMBL1670258,train,33,13,0.3939393939393939
CHEMBL768258,train,35,21,0.6
CHEMBL941003,train,33,12,0.36363636363636365
CHEMBL973268,train,49,12,0.24489795918367346
CHEMBL2363836,train,124,116,0.9354838709677419
CHEMBL1104614,train,49,18,0.3673469387755102
CHEMBL3705141,train,53,20,0.37735849056603776
CHEMBL2439743,train,57,29,0.5087719298245614
CHEMBL795342,train,41,15,0.36585365853658536
CHEMBL3863787,train,41,23,0.5609756097560976
CHEMBL2034461,train,68,22,0.3235294117647059
CHEMBL1963708,train,356,217,0.6095505617977528
CHEMBL1963688,train,258,196,0.7596899224806202
CHEMBL3882307,train,32,17,0.53125
CHEMBL3215144,train,89,65,0.7303370786516854
CHEMBL3383711,train,46,22,0.4782608695652174
CHEMBL3887225,train,37,15,0.40540540540540543
CHEMBL778217,train,34,15,0.4411764705882353
CHEMBL953393,train,57,52,0.9122807017543859
CHEMBL3636165,train,35,15,0.42857142857142855
CHEMBL931830,train,32,5,0.15625
CHEMBL1058435,train,34,26,0.7647058823529411
CHEMBL3363387,train,41,18,0.43902439024390244
CHEMBL863985,train,34,21,0.6176470588235294
CHEMBL2363616,train,129,123,0.9534883720930233
CHEMBL3615943,train,38,10,0.2631578947368421
CHEMBL3097422,train,36,15,0.4166666666666667
CHEMBL914885,train,36,12,0.3333333333333333
CHEMBL4041960,train,59,10,0.1694915254237288
CHEMBL3879565,train,32,2,0.0625
CHEMBL680160,train,52,8,0.15384615384615385
CHEMBL3881216,train,79,42,0.5316455696202531
CHEMBL2363208,train,124,116,0.9354838709677419
CHEMBL2363295,train,92,87,0.9456521739130435
CHEMBL3562124,train,113,87,0.7699115044247787
CHEMBL620619,train,38,8,0.21052631578947367
CHEMBL882492,train,43,0,0.0
CHEMBL1117063,train,32,12,0.375
CHEMBL4157970,train,36,9,0.25
CHEMBL4182274,train,36,11,0.3055555555555556
CHEMBL2319554,train,33,19,0.5757575757575758
CHEMBL3887886,train,461,204,0.44251626898047725
CHEMBL3388196,train,50,19,0.38
CHEMBL1924723,train,37,16,0.43243243243243246
CHEMBL711384,train,42,14,0.3333333333333333
CHEMBL2167126,train,42,17,0.40476190476190477
CHEMBL3214867,train,35,21,0.6
CHEMBL882652,train,33,15,0.45454545454545453
CHEMBL2412856,train,56,20,0.35714285714285715
CHEMBL616306,train,45,30,0.6666666666666666
CHEMBL893317,train,36,18,0.5
CHEMBL802796,train,55,6,0.10909090909090909
CHEMBL1960821,train,33,16,0.48484848484848486
CHEMBL2173634,train,66,39,0.5909090909090909
CHEMBL765564,train,44,22,0.5
CHEMBL3863781,train,67,19,0.2835820895522388
CHEMBL840880,train,35,10,0.2857142857142857
CHEMBL3301517,train,399,293,0.7343358395989975
CHEMBL3301527,train,398,292,0.7336683417085427
CHEMBL4035751,train,39,19,0.48717948717948717
CHEMBL705717,train,33,6,0.18181818181818182
CHEMBL710202,train,32,18,0.5625
CHEMBL705628,train,33,10,0.30303030303030304
CHEMBL4143575,train,37,14,0.3783783783783784
CHEMBL3768766,train,41,7,0.17073170731707318
CHEMBL678019,train,37,12,0.32432432432432434
CHEMBL2176180,train,75,11,0.14666666666666667
CHEMBL3405908,train,88,8,0.09090909090909091
CHEMBL954257,train,32,1,0.03125
CHEMBL2424321,train,34,26,0.7647058823529411
CHEMBL3100560,train,34,1,0.029411764705882353
CHEMBL2219145,train,157,128,0.8152866242038217
CHEMBL1738495,train,690,514,0.744927536231884
CHEMBL993109,train,37,19,0.5135135135135135
CHEMBL2363452,train,131,124,0.9465648854961832
CHEMBL3887392,train,60,31,0.5166666666666667
CHEMBL2379427,train,38,3,0.07894736842105263
CHEMBL637903,train,53,20,0.37735849056603776
CHEMBL3367402,train,36,5,0.1388888888888889
CHEMBL2363770,train,36,35,0.9722222222222222
CHEMBL667520,train,41,13,0.3170731707317073
CHEMBL3362225,train,53,5,0.09433962264150944
CHEMBL4264671,train,43,2,0.046511627906976744
CHEMBL1918243,train,52,8,0.15384615384615385
CHEMBL3396060,train,42,26,0.6190476190476191
CHEMBL3424213,train,34,13,0.38235294117647056
CHEMBL3595950,train,78,54,0.6923076923076923
CHEMBL693564,train,44,15,0.3409090909090909
CHEMBL2019768,train,41,15,0.36585365853658536
CHEMBL802806,train,36,25,0.6944444444444444
CHEMBL2400390,train,40,9,0.225
CHEMBL638724,train,46,16,0.34782608695652173
CHEMBL3606126,train,33,21,0.6363636363636364
CHEMBL2215252,train,73,28,0.3835616438356164
CHEMBL1961932,train,367,192,0.5231607629427792
CHEMBL747854,train,40,36,0.9
CHEMBL964393,train,33,19,0.5757575757575758
CHEMBL3778807,train,56,25,0.44642857142857145
CHEMBL1921194,train,98,14,0.14285714285714285
CHEMBL1833691,train,33,12,0.36363636363636365
CHEMBL890218,train,42,40,0.9523809523809523
CHEMBL4275138,train,42,3,0.07142857142857142
CHEMBL1105654,train,33,29,0.8787878787878788
CHEMBL1788056,train,42,4,0.09523809523809523
CHEMBL1066386,train,37,17,0.4594594594594595
CHEMBL3887622,train,56,23,0.4107142857142857
CHEMBL4223565,train,33,8,0.24242424242424243
CHEMBL1645651,train,36,9,0.25
CHEMBL2421805,train,36,18,0.5
CHEMBL1261684,train,33,24,0.7272727272727273
CHEMBL3875965,train,38,6,0.15789473684210525
CHEMBL772434,train,61,20,0.32786885245901637
CHEMBL2354212,train,36,35,0.9722222222222222
CHEMBL1738318,train,809,626,0.7737948084054388
CHEMBL3830033,train,45,3,0.06666666666666667
CHEMBL2183536,train,33,9,0.2727272727272727
CHEMBL3705512,train,290,92,0.31724137931034485
CHEMBL2423680,train,56,39,0.6964285714285714
CHEMBL778138,train,110,22,0.2
CHEMBL3743351,train,36,13,0.3611111111111111
CHEMBL3772179,train,37,3,0.08108108108108109
CHEMBL2363324,train,124,116,0.9354838709677419
CHEMBL836694,train,48,16,0.3333333333333333
CHEMBL866752,train,40,15,0.375
CHEMBL2153917,train,39,19,0.48717948717948717
CHEMBL693109,train,38,15,0.39473684210526316
CHEMBL3887231,train,53,38,0.7169811320754716
CHEMBL641150,train,62,16,0.25806451612903225
CHEMBL1064829,train,32,5,0.15625
CHEMBL2421075,train,35,10,0.2857142857142857
CHEMBL875506,train,36,11,0.3055555555555556
CHEMBL802516,train,34,10,0.29411764705882354
CHEMBL3789760,train,40,20,0.5
CHEMBL4038393,train,33,9,0.2727272727272727
CHEMBL691206,train,33,7,0.21212121212121213
CHEMBL657031,train,48,18,0.375
CHEMBL3887291,train,51,22,0.43137254901960786
CHEMBL4179261,train,49,22,0.4489795918367347
CHEMBL2426830,train,50,18,0.36
CHEMBL1764753,train,37,17,0.4594594594594595
CHEMBL1219453,train,36,8,0.2222222222222222
CHEMBL4237076,train,35,18,0.5142857142857142
CHEMBL2354205,train,83,53,0.6385542168674698
CHEMBL3082575,train,35,3,0.08571428571428572
CHEMBL4006593,train,39,13,0.3333333333333333
CHEMBL3888381,train,35,24,0.6857142857142857
CHEMBL4233172,train,65,38,0.5846153846153846
CHEMBL3067288,train,62,10,0.16129032258064516
CHEMBL4122906,train,35,16,0.45714285714285713
CHEMBL4231028,train,34,9,0.2647058823529412
CHEMBL2352047,train,46,12,0.2608695652173913
CHEMBL4198674,train,46,2,0.043478260869565216
CHEMBL869935,train,32,13,0.40625
CHEMBL4024626,train,38,8,0.21052631578947367
CHEMBL3100562,train,34,1,0.029411764705882353
CHEMBL3240701,train,40,9,0.225
CHEMBL1024879,train,92,89,0.967391304347826
CHEMBL1112520,train,44,16,0.36363636363636365
CHEMBL642727,train,40,22,0.55
CHEMBL1787020,train,41,14,0.34146341463414637
CHEMBL3242198,train,74,11,0.14864864864864866
CHEMBL2446503,train,43,7,0.16279069767441862
CHEMBL2185029,train,46,14,0.30434782608695654
CHEMBL2219095,train,157,128,0.8152866242038217
CHEMBL2183638,train,35,8,0.22857142857142856
CHEMBL1211418,train,40,7,0.175
CHEMBL1105365,train,37,3,0.08108108108108109
CHEMBL1798901,train,63,21,0.3333333333333333
CHEMBL2395562,train,42,10,0.23809523809523808
CHEMBL1805098,train,41,16,0.3902439024390244
CHEMBL3782593,train,37,8,0.21621621621621623
CHEMBL895776,train,46,6,0.13043478260869565
CHEMBL1024560,train,55,2,0.03636363636363636
CHEMBL972279,train,34,4,0.11764705882352941
CHEMBL984743,train,33,16,0.48484848484848486
CHEMBL760883,train,39,22,0.5641025641025641
CHEMBL2353700,train,43,12,0.27906976744186046
CHEMBL1963725,train,274,201,0.7335766423357665
CHEMBL3881038,train,41,16,0.3902439024390244
CHEMBL1862788,train,64,41,0.640625
CHEMBL3137362,train,32,26,0.8125
CHEMBL3705148,train,103,16,0.1553398058252427
CHEMBL4032329,train,44,23,0.5227272727272727
CHEMBL780174,train,43,3,0.06976744186046512
CHEMBL2363300,train,91,86,0.945054945054945
CHEMBL4147307,train,42,6,0.14285714285714285
CHEMBL1113907,train,53,29,0.5471698113207547
CHEMBL4011663,train,59,57,0.9661016949152542
CHEMBL998549,train,47,17,0.3617021276595745
CHEMBL3889130,train,46,11,0.2391304347826087
CHEMBL889049,train,36,10,0.2777777777777778
CHEMBL3594881,train,45,12,0.26666666666666666
CHEMBL984744,train,33,16,0.48484848484848486
CHEMBL957502,train,56,4,0.07142857142857142
CHEMBL729371,train,56,4,0.07142857142857142
CHEMBL1804795,train,99,22,0.2222222222222222
CHEMBL3407120,train,40,20,0.5
CHEMBL943038,train,34,21,0.6176470588235294
CHEMBL3301551,train,40,36,0.9
CHEMBL4039214,train,44,6,0.13636363636363635
CHEMBL652906,train,35,8,0.22857142857142856
CHEMBL3620322,train,40,27,0.675
CHEMBL1959871,train,37,10,0.2702702702702703
CHEMBL1963807,train,628,410,0.6528662420382165
CHEMBL655294,train,59,41,0.6949152542372882
CHEMBL4156262,train,54,17,0.3148148148148148
CHEMBL803754,train,41,26,0.6341463414634146
CHEMBL4131013,train,41,18,0.43902439024390244
CHEMBL3832779,train,99,99,1.0
CHEMBL2363702,train,94,88,0.9361702127659575
CHEMBL4148218,train,34,3,0.08823529411764706
CHEMBL4049897,train,98,6,0.061224489795918366
CHEMBL636450,train,70,13,0.18571428571428572
CHEMBL1686715,train,35,12,0.34285714285714286
CHEMBL3706110,train,87,29,0.3333333333333333
CHEMBL2209179,train,48,7,0.14583333333333334
CHEMBL1930313,train,40,20,0.5
CHEMBL1048663,train,45,3,0.06666666666666667
CHEMBL646985,train,34,4,0.11764705882352941
CHEMBL3062214,train,40,12,0.3
CHEMBL3757506,train,33,7,0.21212121212121213
CHEMBL3887642,train,166,34,0.20481927710843373
CHEMBL2218991,train,157,128,0.8152866242038217
CHEMBL1963938,train,194,189,0.9742268041237113
CHEMBL2363509,train,94,88,0.9361702127659575
CHEMBL4009345,train,37,19,0.5135135135135135
CHEMBL806367,train,34,5,0.14705882352941177
CHEMBL3376155,train,37,11,0.2972972972972973
CHEMBL2363463,train,58,57,0.9827586206896551
CHEMBL3705577,train,203,27,0.1330049261083744
CHEMBL2214888,train,34,25,0.7352941176470589
CHEMBL2363170,train,58,57,0.9827586206896551
CHEMBL3875966,train,40,8,0.2
CHEMBL673358,train,34,12,0.35294117647058826
CHEMBL770195,train,42,17,0.40476190476190477
CHEMBL3424998,train,32,15,0.46875
CHEMBL3073752,train,35,8,0.22857142857142856
CHEMBL1054505,train,13518,6984,0.5166444740346205
CHEMBL2383013,train,34,13,0.38235294117647056
CHEMBL2219155,train,157,128,0.8152866242038217
CHEMBL1805887,train,45,25,0.5555555555555556
CHEMBL1030624,train,67,23,0.34328358208955223
CHEMBL3599261,train,36,6,0.16666666666666666
CHEMBL2169621,train,49,18,0.3673469387755102
CHEMBL779181,train,41,9,0.21951219512195122
CHEMBL3632121,train,39,4,0.10256410256410256
CHEMBL912146,train,45,14,0.3111111111111111
CHEMBL3751434,train,40,18,0.45
CHEMBL1072832,train,40,24,0.6
CHEMBL3057578,train,44,4,0.09090909090909091
CHEMBL4012619,train,52,31,0.5961538461538461
CHEMBL2219184,train,157,128,0.8152866242038217
CHEMBL3610011,train,36,12,0.3333333333333333
CHEMBL3860994,train,42,34,0.8095238095238095
CHEMBL2345734,train,35,5,0.14285714285714285
CHEMBL1820680,train,151,43,0.2847682119205298
CHEMBL2363389,train,131,124,0.9465648854961832
CHEMBL3069079,train,45,5,0.1111111111111111
CHEMBL3088991,train,36,2,0.05555555555555555
CHEMBL3773196,train,44,11,0.25
CHEMBL1045058,train,36,17,0.4722222222222222
CHEMBL2363787,train,93,88,0.946236559139785
CHEMBL4252882,train,33,2,0.06060606060606061
CHEMBL2363558,train,124,116,0.9354838709677419
CHEMBL1614420,train,98,90,0.9183673469387755
CHEMBL2422382,train,44,14,0.3181818181818182
CHEMBL3369059,train,51,23,0.45098039215686275
CHEMBL1614349,train,99,61,0.6161616161616161
CHEMBL827872,train,79,32,0.4050632911392405
CHEMBL916326,train,33,6,0.18181818181818182
CHEMBL1798243,train,48,11,0.22916666666666666
CHEMBL949291,train,32,6,0.1875
CHEMBL1010954,train,52,12,0.23076923076923078
CHEMBL3860341,train,36,7,0.19444444444444445
CHEMBL1061110,train,32,27,0.84375
CHEMBL3268789,train,63,9,0.14285714285714285
CHEMBL1175150,train,42,5,0.11904761904761904
CHEMBL861844,train,35,8,0.22857142857142856
CHEMBL3129612,train,32,11,0.34375
CHEMBL701854,train,35,8,0.22857142857142856
CHEMBL674889,train,39,17,0.4358974358974359
CHEMBL1961977,train,367,192,0.5231607629427792
CHEMBL2166483,train,48,22,0.4583333333333333
CHEMBL885900,train,50,12,0.24
CHEMBL1763228,train,36,26,0.7222222222222222
CHEMBL2219101,train,157,128,0.8152866242038217
CHEMBL864569,train,34,15,0.4411764705882353
CHEMBL815199,train,34,4,0.11764705882352941
CHEMBL810259,train,35,13,0.37142857142857144
CHEMBL1962144,train,365,192,0.5260273972602739
CHEMBL972513,train,38,8,0.21052631578947367
CHEMBL1837248,train,36,18,0.5
CHEMBL3882743,train,57,23,0.40350877192982454
CHEMBL986147,train,34,10,0.29411764705882354
CHEMBL3887261,train,82,30,0.36585365853658536
CHEMBL984525,train,59,13,0.22033898305084745
CHEMBL947343,train,63,29,0.4603174603174603
CHEMBL832404,train,64,11,0.171875
CHEMBL683382,train,45,17,0.37777777777777777
CHEMBL748408,train,41,17,0.4146341463414634
CHEMBL3252910,train,69,12,0.17391304347826086
CHEMBL655169,train,33,16,0.48484848484848486
CHEMBL3131976,train,41,10,0.24390243902439024
CHEMBL3388143,train,34,24,0.7058823529411765
CHEMBL1017068,train,38,6,0.15789473684210525
CHEMBL3706155,train,80,12,0.15
CHEMBL828906,train,45,18,0.4
CHEMBL3049954,train,57,3,0.05263157894736842
CHEMBL1073376,train,34,5,0.14705882352941177
CHEMBL3374950,train,36,13,0.3611111111111111
CHEMBL698692,train,37,9,0.24324324324324326
CHEMBL3118143,train,41,5,0.12195121951219512
CHEMBL881111,train,51,24,0.47058823529411764
CHEMBL642332,train,32,11,0.34375
CHEMBL1614275,train,14895,7922,0.5318563276267204
CHEMBL704371,train,37,18,0.4864864864864865
CHEMBL1961920,train,367,192,0.5231607629427792
CHEMBL828777,train,37,14,0.3783783783783784
CHEMBL1777104,train,45,7,0.15555555555555556
CHEMBL662728,train,33,12,0.36363636363636365
CHEMBL3118179,train,47,1,0.02127659574468085
CHEMBL2421443,train,39,12,0.3076923076923077
CHEMBL3706045,train,643,193,0.3001555209953344
CHEMBL712038,train,38,20,0.5263157894736842
CHEMBL1909114,train,80,34,0.425
CHEMBL1291245,train,55,4,0.07272727272727272
CHEMBL4035868,train,68,17,0.25
CHEMBL4041088,train,37,10,0.2702702702702703
CHEMBL618142,train,43,27,0.627906976744186
CHEMBL3232201,train,79,35,0.4430379746835443
CHEMBL2363503,train,94,88,0.9361702127659575
CHEMBL2219349,train,157,128,0.8152866242038217
CHEMBL3705073,train,37,11,0.2972972972972973
CHEMBL2219109,train,157,128,0.8152866242038217
CHEMBL2443623,train,57,18,0.3157894736842105
CHEMBL2406592,train,52,6,0.11538461538461539
CHEMBL934603,train,52,25,0.4807692307692308
CHEMBL4043771,train,36,5,0.1388888888888889
CHEMBL1646144,train,36,4,0.1111111111111111
CHEMBL2363313,train,131,123,0.9389312977099237
CHEMBL4007140,train,62,6,0.0967741935483871
CHEMBL2379736,train,39,25,0.6410256410256411
CHEMBL636643,train,35,11,0.3142857142857143
CHEMBL3888024,train,58,27,0.46551724137931033
CHEMBL855551,train,45,8,0.17777777777777778
CHEMBL3796194,train,47,9,0.19148936170212766
CHEMBL3875774,train,59,26,0.4406779661016949
CHEMBL3252155,train,60,14,0.23333333333333334
CHEMBL4194402,train,33,15,0.45454545454545453
CHEMBL1961912,train,367,192,0.5231607629427792
CHEMBL3767929,train,32,13,0.40625
CHEMBL3854864,train,55,43,0.7818181818181819
CHEMBL1634497,train,116,32,0.27586206896551724
CHEMBL862460,train,57,3,0.05263157894736842
CHEMBL894221,train,38,11,0.2894736842105263
CHEMBL1809303,train,39,2,0.05128205128205128
CHEMBL963081,train,67,24,0.3582089552238806
CHEMBL1105634,train,53,40,0.7547169811320755
CHEMBL2399337,train,38,16,0.42105263157894735
CHEMBL777498,train,37,12,0.32432432432432434
CHEMBL2363788,train,131,124,0.9465648854961832
CHEMBL1614125,train,79,68,0.8607594936708861
CHEMBL3743968,train,37,18,0.4864864864864865
CHEMBL1647425,train,38,14,0.3684210526315789
CHEMBL900534,train,36,18,0.5
CHEMBL645668,train,45,9,0.2
CHEMBL2363506,train,94,88,0.9361702127659575
CHEMBL2404832,train,40,27,0.675
CHEMBL671074,train,32,6,0.1875
CHEMBL4150966,train,56,15,0.26785714285714285
CHEMBL1909181,train,58,28,0.4827586206896552
CHEMBL688899,train,39,29,0.7435897435897436
CHEMBL3385547,train,33,24,0.7272727272727273
CHEMBL761440,train,42,11,0.2619047619047619
CHEMBL870468,train,51,23,0.45098039215686275
CHEMBL1036179,train,53,13,0.24528301886792453
CHEMBL3083928,train,36,7,0.19444444444444445
CHEMBL2427902,train,48,2,0.041666666666666664
CHEMBL1031363,train,35,13,0.37142857142857144
CHEMBL1031355,train,38,19,0.5
CHEMBL2363608,train,94,88,0.9361702127659575
CHEMBL799390,train,39,13,0.3333333333333333
CHEMBL2215884,train,58,22,0.3793103448275862
CHEMBL3880343,train,65,23,0.35384615384615387
CHEMBL1962020,train,367,192,0.5231607629427792
CHEMBL899883,train,114,7,0.06140350877192982
CHEMBL832778,train,46,34,0.7391304347826086
CHEMBL3748430,train,40,20,0.5
CHEMBL3269990,train,45,9,0.2
CHEMBL3389418,train,36,20,0.5555555555555556
CHEMBL3865118,train,49,12,0.24489795918367346
CHEMBL1074221,train,37,3,0.08108108108108109
CHEMBL769246,train,57,23,0.40350877192982454
CHEMBL1776378,train,49,6,0.12244897959183673
CHEMBL1825403,train,39,5,0.1282051282051282
CHEMBL2438669,train,34,7,0.20588235294117646
CHEMBL2046046,train,54,1,0.018518518518518517
CHEMBL828697,train,35,8,0.22857142857142856
CHEMBL2174185,train,32,6,0.1875
CHEMBL3870997,train,42,4,0.09523809523809523
CHEMBL974470,train,36,18,0.5
CHEMBL1015210,train,34,9,0.2647058823529412
CHEMBL2363322,train,122,116,0.9508196721311475
CHEMBL1166250,train,37,13,0.35135135135135137
CHEMBL833214,train,38,5,0.13157894736842105
CHEMBL3991884,train,50,47,0.94
CHEMBL4235889,train,50,10,0.2
CHEMBL2363476,train,80,76,0.95
CHEMBL988567,train,55,36,0.6545454545454545
CHEMBL1614502,train,24026,11136,0.46349787729959213
CHEMBL2363159,train,94,88,0.9361702127659575
CHEMBL735906,train,37,13,0.35135135135135137
CHEMBL829510,train,43,26,0.6046511627906976
CHEMBL4263629,train,35,8,0.22857142857142856
CHEMBL1805769,train,32,12,0.375
CHEMBL3072290,train,44,7,0.1590909090909091
CHEMBL1914126,train,41,5,0.12195121951219512
CHEMBL3301491,train,400,293,0.7325
CHEMBL4059284,train,39,19,0.48717948717948717
CHEMBL1931165,train,34,11,0.3235294117647059
CHEMBL4016851,train,38,14,0.3684210526315789
CHEMBL903490,train,32,10,0.3125
CHEMBL4009037,train,81,12,0.14814814814814814
CHEMBL897914,train,48,16,0.3333333333333333
CHEMBL1225925,train,32,12,0.375
CHEMBL2072296,train,39,11,0.28205128205128205
CHEMBL1963813,train,41,29,0.7073170731707317
CHEMBL896193,train,42,18,0.42857142857142855
CHEMBL3761241,train,40,20,0.5
CHEMBL1962088,train,369,193,0.5230352303523035
CHEMBL2219235,train,157,128,0.8152866242038217
CHEMBL3241172,train,45,16,0.35555555555555557
CHEMBL2219005,train,157,128,0.8152866242038217
CHEMBL3101210,train,40,20,0.5
CHEMBL3591792,train,47,40,0.851063829787234
CHEMBL1070541,train,48,16,0.3333333333333333
CHEMBL748137,train,34,6,0.17647058823529413
CHEMBL4140116,train,37,5,0.13513513513513514
CHEMBL3880342,train,592,129,0.2179054054054054
CHEMBL652819,train,32,2,0.0625
CHEMBL3607180,train,47,19,0.40425531914893614
CHEMBL2363414,train,124,116,0.9354838709677419
CHEMBL1109071,train,42,25,0.5952380952380952
CHEMBL4037381,train,33,16,0.48484848484848486
CHEMBL2091985,train,35,16,0.45714285714285713
CHEMBL911284,train,34,14,0.4117647058823529
CHEMBL3721196,train,49,22,0.4489795918367347
CHEMBL927188,train,34,4,0.11764705882352941
CHEMBL763200,train,41,20,0.4878048780487805
CHEMBL616310,train,38,8,0.21052631578947367
CHEMBL2219217,train,157,128,0.8152866242038217
CHEMBL639433,train,35,19,0.5428571428571428
CHEMBL955911,train,34,6,0.17647058823529413
CHEMBL776496,train,68,12,0.17647058823529413
CHEMBL658338,train,33,6,0.18181818181818182
CHEMBL4011042,train,103,21,0.20388349514563106
CHEMBL4046487,train,45,35,0.7777777777777778
CHEMBL4233268,train,51,5,0.09803921568627451
CHEMBL762182,train,61,34,0.5573770491803278
CHEMBL1120619,train,33,15,0.45454545454545453
CHEMBL1043993,train,40,11,0.275
CHEMBL3258095,train,66,19,0.2878787878787879
CHEMBL3620130,train,63,13,0.20634920634920634
CHEMBL1937551,train,39,12,0.3076923076923077
CHEMBL4190600,train,34,6,0.17647058823529413
CHEMBL3887326,train,146,15,0.10273972602739725
CHEMBL2168488,train,52,17,0.3269230769230769
CHEMBL2215879,train,59,22,0.3728813559322034
CHEMBL773683,train,81,25,0.30864197530864196
CHEMBL885775,train,43,8,0.18604651162790697
CHEMBL1806089,train,38,12,0.3157894736842105
CHEMBL1048115,train,104,45,0.4326923076923077
CHEMBL2020650,train,54,6,0.1111111111111111
CHEMBL3381715,train,39,20,0.5128205128205128
CHEMBL3720849,train,50,34,0.68
CHEMBL1614215,train,199,86,0.4321608040201005
CHEMBL1614230,train,90,80,0.8888888888888888
CHEMBL928656,train,45,5,0.1111111111111111
CHEMBL3110730,train,33,9,0.2727272727272727
CHEMBL903732,train,36,8,0.2222222222222222
CHEMBL2363796,train,131,124,0.9465648854961832
CHEMBL998585,train,49,11,0.22448979591836735
CHEMBL4202267,train,48,13,0.2708333333333333
CHEMBL2424326,train,34,26,0.7647058823529411
CHEMBL2219261,train,157,128,0.8152866242038217
CHEMBL832453,train,40,5,0.125
CHEMBL3887471,train,56,25,0.44642857142857145
CHEMBL1040693,train,1367,900,0.6583760058522312
CHEMBL1962183,train,367,192,0.5231607629427792
CHEMBL911046,train,71,19,0.2676056338028169
CHEMBL3832835,train,58,56,0.9655172413793104
CHEMBL2213451,train,59,22,0.3728813559322034
CHEMBL2363554,train,75,71,0.9466666666666667
CHEMBL1963737,train,99,74,0.7474747474747475
CHEMBL3097238,train,43,26,0.6046511627906976
CHEMBL3887325,train,198,19,0.09595959595959595
CHEMBL649554,train,33,11,0.3333333333333333
CHEMBL1111910,train,35,18,0.5142857142857142
CHEMBL1063671,train,32,27,0.84375
CHEMBL3252576,train,44,7,0.1590909090909091
CHEMBL1059319,train,70,28,0.4
CHEMBL1687118,train,36,15,0.4166666666666667
CHEMBL830897,train,45,14,0.3111111111111111
CHEMBL2363575,train,129,123,0.9534883720930233
CHEMBL4139461,train,72,20,0.2777777777777778
CHEMBL2169431,train,218,173,0.7935779816513762
CHEMBL816225,train,34,13,0.38235294117647056
CHEMBL664841,train,48,20,0.4166666666666667
CHEMBL672312,train,35,5,0.14285714285714285
CHEMBL3380864,train,51,5,0.09803921568627451
CHEMBL750083,train,44,10,0.22727272727272727
CHEMBL1908557,train,34,34,1.0
CHEMBL1799627,train,51,16,0.3137254901960784
CHEMBL756276,train,34,4,0.11764705882352941
CHEMBL889643,train,35,10,0.2857142857142857
CHEMBL3587457,train,34,13,0.38235294117647056
CHEMBL1961986,train,369,193,0.5230352303523035
CHEMBL950162,train,65,21,0.3230769230769231
CHEMBL1961913,train,365,192,0.5260273972602739
CHEMBL2317232,train,48,18,0.375
CHEMBL874429,train,46,13,0.2826086956521739
CHEMBL758982,train,41,19,0.4634146341463415
CHEMBL872130,train,47,13,0.2765957446808511
CHEMBL668410,train,43,11,0.2558139534883721
CHEMBL1613981,train,140,129,0.9214285714285714
CHEMBL2363272,train,128,122,0.953125
CHEMBL2363148,train,112,106,0.9464285714285714
CHEMBL3079354,train,58,7,0.1206896551724138
CHEMBL750828,train,33,17,0.5151515151515151
CHEMBL4048307,train,47,16,0.3404255319148936
CHEMBL2020643,train,65,7,0.1076923076923077
CHEMBL4016437,train,53,27,0.5094339622641509
CHEMBL897796,train,59,18,0.3050847457627119
CHEMBL1106185,train,37,3,0.08108108108108109
CHEMBL1787018,train,41,13,0.3170731707317073
CHEMBL1769655,train,36,17,0.4722222222222222
CHEMBL857058,train,33,18,0.5454545454545454
CHEMBL3078249,train,63,20,0.31746031746031744
CHEMBL720143,train,33,7,0.21212121212121213
CHEMBL3705678,train,56,30,0.5357142857142857
CHEMBL3231853,train,98,12,0.12244897959183673
CHEMBL2044661,train,34,4,0.11764705882352941
CHEMBL1033557,train,34,33,0.9705882352941176
CHEMBL2186943,train,40,18,0.45
CHEMBL617142,train,33,21,0.6363636363636364
CHEMBL891112,train,39,5,0.1282051282051282
CHEMBL3887297,train,366,55,0.15027322404371585
CHEMBL2219012,train,157,128,0.8152866242038217
CHEMBL688750,train,43,8,0.18604651162790697
CHEMBL3706026,train,43,27,0.627906976744186
CHEMBL1614243,train,41,30,0.7317073170731707
CHEMBL2382449,train,55,7,0.12727272727272726
CHEMBL4037498,train,50,1,0.02
CHEMBL3705251,train,66,38,0.5757575757575758
CHEMBL3888730,train,81,50,0.6172839506172839
CHEMBL3705344,train,102,16,0.1568627450980392
CHEMBL715108,train,36,7,0.19444444444444445
CHEMBL1645647,train,41,10,0.24390243902439024
CHEMBL1614092,train,171,82,0.47953216374269003
CHEMBL1786559,train,64,9,0.140625
CHEMBL4012444,train,45,7,0.15555555555555556
CHEMBL2350827,train,35,9,0.2571428571428571
CHEMBL852979,train,46,18,0.391304347826087
CHEMBL3050201,train,47,8,0.1702127659574468
CHEMBL942953,train,48,21,0.4375
CHEMBL2363140,train,131,124,0.9465648854961832
CHEMBL830592,train,50,16,0.32
CHEMBL4025809,train,45,9,0.2
CHEMBL3405909,train,38,4,0.10526315789473684
CHEMBL3405739,train,48,2,0.041666666666666664
CHEMBL2363614,train,45,43,0.9555555555555556
CHEMBL1962286,train,367,192,0.5231607629427792
CHEMBL1786272,train,33,17,0.5151515151515151
CHEMBL3080854,train,32,15,0.46875
CHEMBL4004364,train,101,23,0.22772277227722773
CHEMBL1105358,train,41,17,0.4146341463414634
CHEMBL4262305,train,35,21,0.6
CHEMBL670036,train,37,1,0.02702702702702703
CHEMBL4137251,train,73,16,0.2191780821917808
CHEMBL2363365,train,73,71,0.9726027397260274
CHEMBL2350851,train,38,16,0.42105263157894735
CHEMBL619926,train,35,13,0.37142857142857144
CHEMBL2363186,train,94,88,0.9361702127659575
CHEMBL864074,train,37,11,0.2972972972972973
CHEMBL1962069,train,367,192,0.5231607629427792
CHEMBL1021071,train,36,12,0.3333333333333333
CHEMBL1261609,train,62,20,0.3225806451612903
CHEMBL1613836,train,32099,14054,0.4378329542976417
CHEMBL1166260,train,80,13,0.1625
CHEMBL719146,train,39,13,0.3333333333333333
CHEMBL893312,train,79,13,0.16455696202531644
CHEMBL3301493,train,400,293,0.7325
CHEMBL900524,train,33,7,0.21212121212121213
CHEMBL957839,train,34,2,0.058823529411764705
CHEMBL3887239,train,44,26,0.5909090909090909
CHEMBL887635,train,33,11,0.3333333333333333
CHEMBL4132958,train,60,4,0.06666666666666667
CHEMBL2188814,train,37,4,0.10810810810810811
CHEMBL702749,train,39,8,0.20512820512820512
CHEMBL636942,train,33,5,0.15151515151515152
CHEMBL811879,train,51,9,0.17647058823529413
CHEMBL3706312,train,105,44,0.41904761904761906
CHEMBL2434719,train,37,21,0.5675675675675675
CHEMBL3049961,train,56,2,0.03571428571428571
CHEMBL3049534,train,34,3,0.08823529411764706
CHEMBL911041,train,38,2,0.05263157894736842
CHEMBL1640851,train,33,16,0.48484848484848486
CHEMBL1613906,train,115,97,0.8434782608695652
CHEMBL1174345,train,77,34,0.44155844155844154
CHEMBL3879919,train,96,29,0.3020833333333333
CHEMBL1837790,train,40,10,0.25
CHEMBL2354253,train,82,44,0.5365853658536586
CHEMBL757753,train,43,6,0.13953488372093023
CHEMBL3048603,train,40,9,0.225
CHEMBL715837,train,41,26,0.6341463414634146
CHEMBL2219382,train,157,128,0.8152866242038217
CHEMBL1954239,train,45,17,0.37777777777777777
CHEMBL1737970,train,66,62,0.9393939393939394
CHEMBL3887915,train,47,17,0.3617021276595745
CHEMBL3376153,train,37,11,0.2972972972972973
CHEMBL3998488,train,34,6,0.17647058823529413
CHEMBL2219003,train,157,128,0.8152866242038217
CHEMBL1909121,train,160,71,0.44375
CHEMBL3887838,train,63,19,0.30158730158730157
CHEMBL855484,train,33,17,0.5151515151515151
CHEMBL4189875,train,49,15,0.30612244897959184
CHEMBL4008373,train,55,26,0.4727272727272727
CHEMBL1226118,train,35,13,0.37142857142857144
CHEMBL1034018,train,47,10,0.2127659574468085
CHEMBL995899,train,44,20,0.45454545454545453
CHEMBL3889256,train,36,6,0.16666666666666666
CHEMBL1614289,train,1814,1688,0.9305402425578831
CHEMBL653894,train,41,5,0.12195121951219512
CHEMBL760876,train,49,23,0.46938775510204084
CHEMBL2363583,train,92,87,0.9456521739130435
CHEMBL763387,train,83,31,0.37349397590361444
CHEMBL1022751,train,38,20,0.5263157894736842
CHEMBL3880373,train,101,28,0.27722772277227725
CHEMBL2020773,train,40,12,0.3
CHEMBL4223549,train,46,22,0.4782608695652174
CHEMBL3137382,train,399,292,0.731829573934837
CHEMBL754802,train,57,18,0.3157894736842105
CHEMBL4019814,train,48,36,0.75
CHEMBL3407003,train,35,8,0.22857142857142856
CHEMBL925951,train,32,24,0.75
CHEMBL2363169,train,109,102,0.9357798165137615
CHEMBL3801521,train,46,16,0.34782608695652173
CHEMBL684306,train,37,13,0.35135135135135137
CHEMBL2422384,train,44,14,0.3181818181818182
CHEMBL1043508,train,33,7,0.21212121212121213
CHEMBL1013154,train,44,9,0.20454545454545456
CHEMBL2219360,train,157,128,0.8152866242038217
CHEMBL3720967,train,37,2,0.05405405405405406
CHEMBL1908632,train,46,46,1.0
CHEMBL797576,train,76,24,0.3157894736842105
CHEMBL761703,train,34,9,0.2647058823529412
CHEMBL2363678,train,90,84,0.9333333333333333
CHEMBL811267,train,54,7,0.12962962962962962
CHEMBL857614,train,39,23,0.5897435897435898
CHEMBL925199,train,43,7,0.16279069767441862
CHEMBL1664613,train,54,3,0.05555555555555555
CHEMBL1067538,train,56,18,0.32142857142857145
CHEMBL3367171,train,32,21,0.65625
CHEMBL2219002,train,157,128,0.8152866242038217
CHEMBL2363182,train,94,88,0.9361702127659575
CHEMBL864675,train,37,18,0.4864864864864865
CHEMBL1962197,train,361,190,0.5263157894736842
CHEMBL3066844,train,62,6,0.0967741935483871
CHEMBL3888035,train,49,12,0.24489795918367346
CHEMBL932835,train,42,18,0.42857142857142855
CHEMBL3380268,train,36,12,0.3333333333333333
CHEMBL1962098,train,361,190,0.5263157894736842
CHEMBL1963835,train,392,228,0.5816326530612245
CHEMBL957501,train,56,4,0.07142857142857142
CHEMBL659628,train,93,33,0.3548387096774194
CHEMBL897862,train,52,7,0.1346153846153846
CHEMBL2219119,train,157,128,0.8152866242038217
CHEMBL932301,train,34,13,0.38235294117647056
CHEMBL644773,train,37,6,0.16216216216216217
CHEMBL1613917,train,63,53,0.8412698412698413
CHEMBL953379,train,57,52,0.9122807017543859
CHEMBL3117254,train,101,26,0.25742574257425743
CHEMBL2167915,train,49,14,0.2857142857142857
CHEMBL708886,train,32,15,0.46875
CHEMBL688241,train,43,22,0.5116279069767442
CHEMBL2040652,train,36,19,0.5277777777777778
CHEMBL2400424,train,40,7,0.175
CHEMBL3411804,train,38,0,0.0
CHEMBL696585,train,64,17,0.265625
CHEMBL711491,train,58,4,0.06896551724137931
CHEMBL1804210,train,44,5,0.11363636363636363
CHEMBL900693,train,40,24,0.6
CHEMBL898093,train,32,3,0.09375
CHEMBL3762500,train,41,21,0.5121951219512195
CHEMBL927089,train,45,13,0.28888888888888886
CHEMBL3887271,train,85,42,0.49411764705882355
CHEMBL2380061,train,40,19,0.475
CHEMBL991010,train,33,12,0.36363636363636365
CHEMBL2020109,train,39,29,0.7435897435897436
CHEMBL1614283,train,137,83,0.6058394160583942
CHEMBL4194239,train,37,7,0.1891891891891892
CHEMBL732386,train,38,14,0.3684210526315789
CHEMBL1962227,train,363,191,0.5261707988980716
CHEMBL1273616,train,45,12,0.26666666666666666
CHEMBL2320634,train,45,13,0.28888888888888886
CHEMBL1959827,train,44,8,0.18181818181818182
CHEMBL877293,train,42,19,0.4523809523809524
CHEMBL2061437,train,75,13,0.17333333333333334
CHEMBL899759,train,42,1,0.023809523809523808
CHEMBL3599134,train,40,21,0.525
CHEMBL2423678,train,53,34,0.6415094339622641
CHEMBL2219126,train,157,128,0.8152866242038217
CHEMBL649108,train,34,3,0.08823529411764706
CHEMBL4254941,train,34,11,0.3235294117647059
CHEMBL1805101,train,35,14,0.4
CHEMBL697540,train,54,18,0.3333333333333333
CHEMBL941026,train,45,11,0.24444444444444444
CHEMBL2186145,train,54,18,0.3333333333333333
CHEMBL4190601,train,34,6,0.17647058823529413
CHEMBL861845,train,37,8,0.21621621621621623
CHEMBL3048937,train,51,9,0.17647058823529413
CHEMBL3999376,train,33,13,0.3939393939393939
CHEMBL933958,train,39,3,0.07692307692307693
CHEMBL1962101,train,361,190,0.5263157894736842
CHEMBL3562006,train,160,93,0.58125
CHEMBL1961908,train,369,193,0.5230352303523035
CHEMBL3705571,train,35,9,0.2571428571428571
CHEMBL887161,train,37,2,0.05405405405405406
CHEMBL1006578,train,39,24,0.6153846153846154
CHEMBL1943442,train,64,37,0.578125
CHEMBL2317407,train,37,18,0.4864864864864865
CHEMBL2211264,train,37,14,0.3783783783783784
CHEMBL812183,train,75,22,0.29333333333333333
CHEMBL3370620,train,41,13,0.3170731707317073
CHEMBL2173976,train,36,7,0.19444444444444445
CHEMBL3778805,train,54,23,0.42592592592592593
CHEMBL2213422,train,59,22,0.3728813559322034
CHEMBL1069634,train,50,17,0.34
CHEMBL756358,train,35,15,0.42857142857142855
CHEMBL784331,train,42,21,0.5
CHEMBL1664140,train,35,18,0.5142857142857142
CHEMBL2363507,train,126,120,0.9523809523809523
CHEMBL2025296,train,34,17,0.5
CHEMBL1273262,train,40,33,0.825
CHEMBL3419212,train,37,10,0.2702702702702703
CHEMBL4124026,train,51,37,0.7254901960784313
CHEMBL3705746,train,63,35,0.5555555555555556
CHEMBL3586839,train,40,8,0.2
CHEMBL1962118,train,369,193,0.5230352303523035
CHEMBL3240878,train,52,13,0.25
CHEMBL715567,train,49,4,0.08163265306122448
CHEMBL3055410,train,55,39,0.7090909090909091
CHEMBL806826,train,32,9,0.28125
CHEMBL1962265,train,367,192,0.5231607629427792
CHEMBL3375407,train,36,18,0.5
CHEMBL1048801,train,32,9,0.28125
CHEMBL3829128,train,41,4,0.0975609756097561
CHEMBL1217334,train,35,18,0.5142857142857142
CHEMBL2429080,train,55,49,0.8909090909090909
CHEMBL1051508,train,73,15,0.2054794520547945
CHEMBL2219227,train,157,128,0.8152866242038217
CHEMBL2184686,train,50,17,0.34
CHEMBL933608,train,34,27,0.7941176470588235
CHEMBL1930050,train,38,20,0.5263157894736842
CHEMBL1217000,train,347,100,0.2881844380403458
CHEMBL2219249,train,157,128,0.8152866242038217
CHEMBL3880327,train,202,32,0.15841584158415842
CHEMBL2091658,train,37,3,0.08108108108108109
CHEMBL1738673,train,362,349,0.9640883977900553
CHEMBL1061148,train,32,27,0.84375
CHEMBL1022415,train,36,9,0.25
CHEMBL925270,train,44,7,0.1590909090909091
CHEMBL1961974,train,367,192,0.5231607629427792
CHEMBL2219183,train,157,128,0.8152866242038217
CHEMBL658222,train,37,8,0.21621621621621623
CHEMBL3049955,train,57,3,0.05263157894736842
CHEMBL3860489,train,43,3,0.06976744186046512
CHEMBL1049260,train,40,9,0.225
CHEMBL1962251,train,369,193,0.5230352303523035
CHEMBL1961892,train,367,193,0.5258855585831063
CHEMBL3889097,train,700,122,0.1742857142857143
CHEMBL952109,train,61,21,0.3442622950819672
CHEMBL1068886,train,55,15,0.2727272727272727
CHEMBL1614105,train,307,261,0.8501628664495114
CHEMBL4138006,train,34,6,0.17647058823529413
CHEMBL3057742,train,39,2,0.05128205128205128
CHEMBL844229,train,37,15,0.40540540540540543
CHEMBL3077606,train,48,14,0.2916666666666667
CHEMBL3624797,train,59,9,0.15254237288135594
CHEMBL1737978,train,135,116,0.8592592592592593
CHEMBL4147714,train,40,14,0.35
CHEMBL981259,train,37,1,0.02702702702702703
CHEMBL748253,train,40,11,0.275
CHEMBL1963834,train,262,171,0.6526717557251909
CHEMBL711378,train,53,31,0.5849056603773585
CHEMBL3705362,train,728,250,0.3434065934065934
CHEMBL1685174,train,101,36,0.3564356435643564
CHEMBL932042,train,36,10,0.2777777777777778
CHEMBL1962222,train,361,190,0.5263157894736842
CHEMBL641566,train,43,13,0.3023255813953488
CHEMBL925405,train,41,11,0.2682926829268293
CHEMBL1803223,train,56,7,0.125
CHEMBL3864066,train,34,14,0.4117647058823529
CHEMBL1120457,train,35,10,0.2857142857142857
CHEMBL1062365,train,40,29,0.725
CHEMBL679944,train,50,19,0.38
CHEMBL2443630,train,42,5,0.11904761904761904
CHEMBL1062001,train,32,27,0.84375
CHEMBL859172,train,33,5,0.15151515151515152
CHEMBL2219207,train,157,128,0.8152866242038217
CHEMBL4059185,train,32,22,0.6875
CHEMBL2219152,train,157,128,0.8152866242038217
CHEMBL821997,train,64,0,0.0
CHEMBL1772425,train,38,18,0.47368421052631576
CHEMBL2390326,train,34,4,0.11764705882352941
CHEMBL3053489,train,35,10,0.2857142857142857
CHEMBL710537,train,34,7,0.20588235294117646
CHEMBL854778,train,77,28,0.36363636363636365
CHEMBL1909088,train,216,82,0.37962962962962965
CHEMBL4053951,train,32,11,0.34375
CHEMBL1953081,train,39,13,0.3333333333333333
CHEMBL1074257,train,41,34,0.8292682926829268
CHEMBL4012318,train,33,16,0.48484848484848486
CHEMBL813670,train,39,8,0.20512820512820512
CHEMBL4267374,train,95,19,0.2
CHEMBL1930315,train,40,20,0.5
CHEMBL1168510,train,68,8,0.11764705882352941
CHEMBL2395926,train,34,4,0.11764705882352941
CHEMBL990644,train,52,12,0.23076923076923078
CHEMBL1920063,train,45,13,0.28888888888888886
CHEMBL3887359,train,46,34,0.7391304347826086
CHEMBL963564,train,47,12,0.2553191489361702
CHEMBL3705870,train,32,18,0.5625
CHEMBL3868381,train,49,13,0.2653061224489796
CHEMBL1167638,train,57,15,0.2631578947368421
CHEMBL857056,train,45,20,0.4444444444444444
CHEMBL2363561,train,133,124,0.9323308270676691
CHEMBL2020770,train,40,12,0.3
CHEMBL1000387,train,37,17,0.4594594594594595
CHEMBL2363596,train,94,88,0.9361702127659575
CHEMBL888238,train,48,19,0.3958333333333333
CHEMBL765040,train,38,32,0.8421052631578947
CHEMBL2399369,train,34,8,0.23529411764705882
CHEMBL911283,train,34,14,0.4117647058823529
CHEMBL4056822,train,36,21,0.5833333333333334
CHEMBL3242257,train,33,19,0.5757575757575758
CHEMBL3832767,train,107,103,0.9626168224299065
CHEMBL816866,train,45,15,0.3333333333333333
CHEMBL864674,train,44,23,0.5227272727272727
CHEMBL4152411,train,39,26,0.6666666666666666
CHEMBL711458,train,40,23,0.575
CHEMBL1955303,train,33,6,0.18181818181818182
CHEMBL3745585,train,36,11,0.3055555555555556
CHEMBL1738611,train,438,360,0.821917808219178
CHEMBL1051367,train,32,27,0.84375
CHEMBL4254599,train,43,8,0.18604651162790697
CHEMBL3868569,train,33,8,0.24242424242424243
CHEMBL717026,train,34,17,0.5
CHEMBL3707804,train,88,40,0.45454545454545453
CHEMBL3048938,train,51,9,0.17647058823529413
CHEMBL3879560,train,33,3,0.09090909090909091
CHEMBL4155048,train,50,18,0.36
CHEMBL1738609,train,44,24,0.5454545454545454
CHEMBL688289,train,110,16,0.14545454545454545
CHEMBL1064501,train,84,16,0.19047619047619047
CHEMBL1648902,train,60,31,0.5166666666666667
CHEMBL3783756,train,37,12,0.32432432432432434
CHEMBL1962063,train,365,193,0.5287671232876713
CHEMBL1908819,train,41,41,1.0
CHEMBL963563,train,50,12,0.24
CHEMBL2363611,train,124,116,0.9354838709677419
CHEMBL3384201,train,34,20,0.5882352941176471
CHEMBL4007862,train,57,35,0.6140350877192983
CHEMBL3116613,train,32,10,0.3125
CHEMBL3734567,train,178,162,0.9101123595505618
CHEMBL3705989,train,120,35,0.2916666666666667
CHEMBL2363848,train,94,88,0.9361702127659575
CHEMBL698780,train,35,19,0.5428571428571428
CHEMBL3887028,train,46,21,0.45652173913043476
CHEMBL3061921,train,49,23,0.46938775510204084
CHEMBL2363176,train,122,116,0.9508196721311475
CHEMBL1827091,train,44,15,0.3409090909090909
CHEMBL1062767,train,32,27,0.84375
CHEMBL3706354,train,51,28,0.5490196078431373
CHEMBL863458,train,34,12,0.35294117647058826
CHEMBL3889173,train,46,10,0.21739130434782608
CHEMBL662764,train,61,41,0.6721311475409836
CHEMBL3587456,train,36,17,0.4722222222222222
CHEMBL1113472,train,47,4,0.0851063829787234
CHEMBL760881,train,61,31,0.5081967213114754
CHEMBL3734151,train,40,13,0.325
CHEMBL3107134,train,48,4,0.08333333333333333
CHEMBL970589,train,58,23,0.39655172413793105
CHEMBL2156069,train,44,14,0.3181818181818182
CHEMBL4189833,train,39,39,1.0
CHEMBL3367829,train,127,10,0.07874015748031496
CHEMBL804270,train,88,20,0.22727272727272727
CHEMBL3887033,train,507,203,0.40039447731755423
CHEMBL806882,train,35,15,0.42857142857142855
CHEMBL972484,train,53,8,0.1509433962264151
CHEMBL3796637,train,51,17,0.3333333333333333
CHEMBL841202,train,44,16,0.36363636363636365
CHEMBL891875,train,43,18,0.4186046511627907
CHEMBL1932272,train,45,31,0.6888888888888889
CHEMBL953972,train,51,31,0.6078431372549019
CHEMBL828968,train,37,11,0.2972972972972973
CHEMBL3078730,train,39,3,0.07692307692307693
CHEMBL2038005,train,37,8,0.21621621621621623
CHEMBL1962111,train,367,192,0.5231607629427792
CHEMBL794157,train,41,11,0.2682926829268293
CHEMBL3887031,train,150,62,0.41333333333333333
CHEMBL760870,train,42,4,0.09523809523809523
CHEMBL1772151,train,48,25,0.5208333333333334
CHEMBL2363674,train,73,71,0.9726027397260274
CHEMBL3375065,train,33,33,1.0
CHEMBL880254,train,81,0,0.0
CHEMBL3583672,train,38,7,0.18421052631578946
CHEMBL867589,train,32,7,0.21875
CHEMBL946816,train,33,4,0.12121212121212122
CHEMBL650419,train,88,34,0.38636363636363635
CHEMBL3864358,train,49,10,0.20408163265306123
CHEMBL1798239,train,88,11,0.125
CHEMBL798766,train,36,6,0.16666666666666666
CHEMBL644389,train,33,11,0.3333333333333333
CHEMBL3291905,train,45,22,0.4888888888888889
CHEMBL1837692,train,38,5,0.13157894736842105
CHEMBL3854288,train,34,8,0.23529411764705882
CHEMBL3283331,train,89,15,0.16853932584269662
CHEMBL856036,train,49,13,0.2653061224489796
CHEMBL3241352,train,33,13,0.3939393939393939
CHEMBL871435,train,36,11,0.3055555555555556
CHEMBL954102,train,66,55,0.8333333333333334
CHEMBL1291252,train,44,12,0.2727272727272727
CHEMBL4031374,train,33,6,0.18181818181818182
CHEMBL1827221,train,37,17,0.4594594594594595
CHEMBL3132105,train,41,13,0.3170731707317073
CHEMBL3889023,train,42,7,0.16666666666666666
CHEMBL4273117,train,39,5,0.1282051282051282
CHEMBL3630155,train,32,25,0.78125
CHEMBL1962083,train,365,191,0.5232876712328767
CHEMBL3294545,train,38,19,0.5
CHEMBL899326,train,60,5,0.08333333333333333
CHEMBL895462,train,32,19,0.59375
CHEMBL751495,train,45,7,0.15555555555555556
CHEMBL3705314,train,82,35,0.4268292682926829
CHEMBL873402,train,70,39,0.5571428571428572
CHEMBL693111,train,42,21,0.5
CHEMBL1687448,train,44,23,0.5227272727272727
CHEMBL1962140,train,368,192,0.5217391304347826
CHEMBL997791,train,51,2,0.0392156862745098
CHEMBL3301532,train,328,242,0.7378048780487805
CHEMBL967900,train,35,9,0.2571428571428571
CHEMBL2354228,train,78,38,0.48717948717948717
CHEMBL3366060,train,34,11,0.3235294117647059
CHEMBL727550,train,33,13,0.3939393939393939
CHEMBL947243,train,42,10,0.23809523809523808
CHEMBL2215086,train,34,4,0.11764705882352941
CHEMBL3222808,train,40,15,0.375
CHEMBL755739,train,39,7,0.1794871794871795
CHEMBL3860933,train,39,29,0.7435897435897436
CHEMBL647025,train,35,14,0.4
CHEMBL1211788,train,34,19,0.5588235294117647
CHEMBL1049125,train,41,8,0.1951219512195122
CHEMBL1961914,train,367,192,0.5231607629427792
CHEMBL656318,train,84,42,0.5
CHEMBL3374949,train,36,13,0.3611111111111111
CHEMBL1003147,train,41,14,0.34146341463414637
CHEMBL1070006,train,43,1,0.023255813953488372
CHEMBL840215,train,52,13,0.25
CHEMBL841787,train,104,31,0.2980769230769231
CHEMBL4058039,train,32,19,0.59375
CHEMBL3615799,train,52,13,0.25
CHEMBL1613821,train,129,99,0.7674418604651163
CHEMBL3788336,train,37,14,0.3783783783783784
CHEMBL952131,train,128,17,0.1328125
CHEMBL761700,train,34,9,0.2647058823529412
CHEMBL3073753,train,35,8,0.22857142857142856
CHEMBL4041093,train,37,10,0.2702702702702703
CHEMBL669250,train,42,24,0.5714285714285714
CHEMBL830123,train,37,17,0.4594594594594595
CHEMBL941164,train,38,0,0.0
CHEMBL894188,train,35,12,0.34285714285714286
CHEMBL4132267,train,51,14,0.27450980392156865
CHEMBL1936903,train,39,12,0.3076923076923077
CHEMBL975288,train,52,17,0.3269230769230769
CHEMBL659608,train,51,19,0.37254901960784315
CHEMBL3380436,train,38,14,0.3684210526315789
CHEMBL2219081,train,157,128,0.8152866242038217
CHEMBL1961890,train,367,192,0.5231607629427792
CHEMBL3122350,train,35,15,0.42857142857142855
CHEMBL1211025,train,38,27,0.7105263157894737
CHEMBL2363209,train,58,57,0.9827586206896551
CHEMBL2219162,train,157,128,0.8152866242038217
CHEMBL1963707,train,348,231,0.6637931034482759
CHEMBL1069761,train,42,5,0.11904761904761904
CHEMBL1060016,train,59,18,0.3050847457627119
CHEMBL3378582,train,40,13,0.325
CHEMBL762594,train,33,14,0.42424242424242425
CHEMBL4119730,train,52,13,0.25
CHEMBL925201,train,43,7,0.16279069767441862
CHEMBL2363285,train,94,88,0.9361702127659575
CHEMBL3743126,train,37,13,0.35135135135135137
CHEMBL3888504,train,80,35,0.4375
CHEMBL4155046,train,50,18,0.36
CHEMBL1863510,train,710,202,0.28450704225352114
CHEMBL1794457,train,65,50,0.7692307692307693
CHEMBL3707895,train,140,33,0.2357142857142857
CHEMBL2350718,train,37,12,0.32432432432432434
CHEMBL3381604,train,57,11,0.19298245614035087
CHEMBL889348,train,47,31,0.6595744680851063
CHEMBL3721106,train,33,24,0.7272727272727273
CHEMBL3626186,train,35,8,0.22857142857142856
CHEMBL2433915,train,52,20,0.38461538461538464
CHEMBL663173,train,34,13,0.38235294117647056
CHEMBL3888506,train,467,188,0.4025695931477516
CHEMBL1011999,train,33,7,0.21212121212121213
CHEMBL939996,train,69,16,0.2318840579710145
CHEMBL2033107,train,60,14,0.23333333333333334
CHEMBL976298,train,43,12,0.27906976744186046
CHEMBL704364,train,56,4,0.07142857142857142
CHEMBL1775257,train,33,5,0.15151515151515152
CHEMBL1007908,train,35,20,0.5714285714285714
CHEMBL3705060,train,97,56,0.5773195876288659
CHEMBL617047,train,41,18,0.43902439024390244
CHEMBL903730,train,36,8,0.2222222222222222
CHEMBL4016543,train,35,12,0.34285714285714286
CHEMBL1072277,train,61,24,0.39344262295081966
CHEMBL3285889,train,40,11,0.275
CHEMBL1912765,train,37,15,0.40540540540540543
CHEMBL1815005,train,117,22,0.18803418803418803
CHEMBL763160,train,139,52,0.37410071942446044
CHEMBL4139748,train,52,15,0.28846153846153844
CHEMBL2353507,train,35,14,0.4
CHEMBL1614052,train,14862,10140,0.682276947920872
CHEMBL2218942,train,157,128,0.8152866242038217
CHEMBL1919337,train,39,17,0.4358974358974359
CHEMBL904042,train,42,11,0.2619047619047619
CHEMBL2091160,train,69,39,0.5652173913043478
CHEMBL3370438,train,44,27,0.6136363636363636
CHEMBL1011001,train,39,17,0.4358974358974359
CHEMBL1738183,train,274,214,0.781021897810219
CHEMBL4011981,train,47,13,0.2765957446808511
CHEMBL3388395,train,41,2,0.04878048780487805
CHEMBL830970,train,34,19,0.5588235294117647
CHEMBL3866167,train,36,3,0.08333333333333333
CHEMBL617147,train,32,14,0.4375
CHEMBL3766377,train,45,25,0.5555555555555556
CHEMBL1962121,train,365,191,0.5232876712328767
CHEMBL1030615,train,32,19,0.59375
CHEMBL787839,train,44,24,0.5454545454545454
CHEMBL3887138,train,132,47,0.3560606060606061
CHEMBL3215160,train,53,44,0.8301886792452831
CHEMBL864183,train,74,15,0.20270270270270271
CHEMBL1909134,train,47,35,0.7446808510638298
CHEMBL1827734,train,109,8,0.07339449541284404
CHEMBL3404590,train,32,6,0.1875
CHEMBL4260145,train,39,12,0.3076923076923077
CHEMBL730477,train,42,9,0.21428571428571427
CHEMBL2447759,train,53,9,0.16981132075471697
CHEMBL699159,train,45,7,0.15555555555555556
CHEMBL645451,train,34,10,0.29411764705882354
CHEMBL3118177,train,47,1,0.02127659574468085
CHEMBL1771897,train,40,10,0.25
CHEMBL1219212,train,34,15,0.4411764705882353
CHEMBL903819,train,54,26,0.48148148148148145
CHEMBL777500,train,35,12,0.34285714285714286
CHEMBL682017,train,36,9,0.25
CHEMBL1914034,train,33,7,0.21212121212121213
CHEMBL3631084,train,39,11,0.28205128205128205
CHEMBL3080974,train,43,3,0.06976744186046512
CHEMBL1645697,train,53,19,0.3584905660377358
CHEMBL2363231,train,94,88,0.9361702127659575
CHEMBL1058986,train,49,25,0.5102040816326531
CHEMBL2213424,train,59,22,0.3728813559322034
CHEMBL3861225,train,65,6,0.09230769230769231
CHEMBL3372433,train,32,8,0.25
CHEMBL957591,train,32,3,0.09375
CHEMBL3631549,train,40,17,0.425
CHEMBL2327195,train,65,7,0.1076923076923077
CHEMBL1961957,train,367,192,0.5231607629427792
CHEMBL3241687,train,54,21,0.3888888888888889
CHEMBL1820657,train,38,17,0.4473684210526316
CHEMBL1614317,train,666,637,0.9564564564564565
CHEMBL924132,train,36,20,0.5555555555555556
CHEMBL745638,train,33,5,0.15151515151515152
CHEMBL762476,train,41,28,0.6829268292682927
CHEMBL1613964,train,84,52,0.6190476190476191
CHEMBL2363456,train,95,93,0.9789473684210527
CHEMBL2212979,train,59,22,0.3728813559322034
CHEMBL648761,train,62,16,0.25806451612903225
CHEMBL1027431,train,40,9,0.225
CHEMBL748793,train,54,24,0.4444444444444444
CHEMBL924793,train,50,0,0.0
CHEMBL2363556,train,129,122,0.9457364341085271
CHEMBL1072833,train,40,14,0.35
CHEMBL3744618,train,43,7,0.16279069767441862
CHEMBL3372544,train,36,6,0.16666666666666666
CHEMBL4142800,train,32,11,0.34375
CHEMBL927184,train,34,4,0.11764705882352941
CHEMBL3995517,train,32,18,0.5625
CHEMBL2447446,train,65,20,0.3076923076923077
CHEMBL3707549,train,69,28,0.4057971014492754
CHEMBL3705051,train,38,19,0.5
CHEMBL735967,train,54,18,0.3333333333333333
CHEMBL3215003,train,41,40,0.975609756097561
CHEMBL752675,train,49,1,0.02040816326530612
CHEMBL3226385,train,48,4,0.08333333333333333
CHEMBL700468,train,69,39,0.5652173913043478
CHEMBL3830584,train,37,13,0.35135135135135137
CHEMBL3130427,train,53,19,0.3584905660377358
CHEMBL4273391,train,47,7,0.14893617021276595
CHEMBL616308,train,37,24,0.6486486486486487
CHEMBL4156363,train,41,3,0.07317073170731707
CHEMBL1936595,train,34,9,0.2647058823529412
CHEMBL1664615,train,59,3,0.05084745762711865
CHEMBL3390302,train,51,7,0.13725490196078433
CHEMBL3705655,train,434,95,0.21889400921658986
CHEMBL3214818,train,106,103,0.9716981132075472
CHEMBL3888797,train,150,60,0.4
CHEMBL748035,train,37,0,0.0
CHEMBL4043386,train,39,8,0.20512820512820512
CHEMBL1962187,train,367,192,0.5231607629427792
CHEMBL4007866,train,45,30,0.6666666666666666
CHEMBL3761245,train,79,15,0.189873417721519
CHEMBL2363519,train,94,88,0.9361702127659575
CHEMBL616981,train,42,16,0.38095238095238093
CHEMBL685246,train,34,21,0.6176470588235294
CHEMBL3887509,train,54,19,0.35185185185185186
CHEMBL3705490,train,94,43,0.4574468085106383
CHEMBL2363416,train,78,72,0.9230769230769231
CHEMBL838887,train,52,29,0.5576923076923077
CHEMBL650164,train,99,32,0.32323232323232326
CHEMBL977316,train,36,13,0.3611111111111111
CHEMBL985698,train,45,6,0.13333333333333333
CHEMBL1614520,train,185,160,0.8648648648648649
CHEMBL864199,train,34,22,0.6470588235294118
CHEMBL1211693,train,53,3,0.05660377358490566
CHEMBL3705299,train,211,90,0.4265402843601896
CHEMBL3531531,train,50,42,0.84
CHEMBL1013140,train,34,9,0.2647058823529412
CHEMBL710530,train,37,9,0.24324324324324326
CHEMBL785139,train,61,22,0.36065573770491804
CHEMBL1614363,train,66,20,0.30303030303030304
CHEMBL644582,train,49,26,0.5306122448979592
CHEMBL4145243,train,63,25,0.3968253968253968
CHEMBL3707725,train,195,30,0.15384615384615385
CHEMBL3301475,train,400,293,0.7325
CHEMBL2044336,train,43,11,0.2558139534883721
CHEMBL1908688,train,42,42,1.0
CHEMBL3706252,train,55,9,0.16363636363636364
CHEMBL2354310,train,37,32,0.8648648648648649
CHEMBL1959200,train,34,10,0.29411764705882354
CHEMBL1908490,train,40,40,1.0
CHEMBL647229,train,35,13,0.37142857142857144
CHEMBL2150100,train,50,15,0.3
CHEMBL3383863,train,63,14,0.2222222222222222
CHEMBL4041957,train,36,7,0.19444444444444445
CHEMBL3071975,train,39,10,0.2564102564102564
CHEMBL695685,train,34,2,0.058823529411764705
CHEMBL1947451,train,49,27,0.5510204081632653
CHEMBL2363761,train,60,58,0.9666666666666667
CHEMBL3368713,train,39,1,0.02564102564102564
CHEMBL699623,train,41,6,0.14634146341463414
CHEMBL4019416,train,38,5,0.13157894736842105
CHEMBL3881033,train,99,57,0.5757575757575758
CHEMBL891861,train,34,17,0.5
CHEMBL2363720,train,85,79,0.9294117647058824
CHEMBL2317019,train,45,38,0.8444444444444444
CHEMBL3991890,train,60,56,0.9333333333333333
CHEMBL2405555,train,33,10,0.30303030303030304
CHEMBL3580013,train,51,26,0.5098039215686274
CHEMBL1043514,train,46,1,0.021739130434782608
CHEMBL759163,train,44,22,0.5
CHEMBL3407001,train,35,8,0.22857142857142856
CHEMBL879999,train,61,45,0.7377049180327869
CHEMBL4052390,train,37,10,0.2702702702702703
CHEMBL1054938,train,39,6,0.15384615384615385
CHEMBL811632,train,33,10,0.30303030303030304
CHEMBL3636941,train,56,12,0.21428571428571427
CHEMBL902114,train,36,20,0.5555555555555556
CHEMBL1931434,train,44,15,0.3409090909090909
CHEMBL2363194,train,92,87,0.9456521739130435
CHEMBL1614344,train,254,224,0.8818897637795275
CHEMBL1175290,train,64,7,0.109375
CHEMBL2363763,train,94,88,0.9361702127659575
CHEMBL3301543,train,400,293,0.7325
CHEMBL1908635,train,45,45,1.0
CHEMBL1962288,train,361,190,0.5263157894736842
CHEMBL3614909,train,33,10,0.30303030303030304
CHEMBL3531878,train,56,43,0.7678571428571429
CHEMBL886504,train,39,12,0.3076923076923077
CHEMBL1613769,train,28088,15049,0.5357804044431785
CHEMBL713113,train,35,9,0.2571428571428571
CHEMBL4269678,train,33,9,0.2727272727272727
CHEMBL662077,train,63,7,0.1111111111111111
CHEMBL887363,train,38,10,0.2631578947368421
CHEMBL4139459,train,72,20,0.2777777777777778
CHEMBL1038578,train,37,18,0.4864864864864865
CHEMBL1962272,train,363,192,0.5289256198347108
CHEMBL957604,train,35,7,0.2
CHEMBL2363385,train,132,124,0.9393939393939394
CHEMBL653127,train,64,18,0.28125
CHEMBL4059285,train,36,17,0.4722222222222222
CHEMBL873740,train,53,16,0.3018867924528302
CHEMBL898966,train,73,19,0.2602739726027397
CHEMBL3214907,train,68,56,0.8235294117647058
CHEMBL698235,train,71,4,0.056338028169014086
CHEMBL1023674,train,37,34,0.918918918918919
CHEMBL3071230,train,44,4,0.09090909090909091
CHEMBL1109941,train,77,6,0.07792207792207792
CHEMBL3068434,train,32,2,0.0625
CHEMBL1962136,train,367,193,0.5258855585831063
CHEMBL2187477,train,53,12,0.22641509433962265
CHEMBL1908513,train,32,32,1.0
CHEMBL1614493,train,1546,974,0.630012936610608
CHEMBL1764755,train,43,21,0.4883720930232558
CHEMBL902494,train,35,7,0.2
CHEMBL683045,train,61,11,0.18032786885245902
CHEMBL1963716,train,41,37,0.9024390243902439
CHEMBL953396,train,57,52,0.9122807017543859
CHEMBL949104,train,63,24,0.38095238095238093
CHEMBL3705837,train,121,43,0.35537190082644626
